20,17,18,20,.,.,.,.,.,.,.,.,.,.,.,5.2,.,.,.,.,.,78,75,67,37
17,16,17,19,2.714286,5,4.142857,2.666667,5,4.2,4.428571,5.4,4.285714,5.2,5.2,4.4,4.4,3.615385,4.578947,4.882353,4.666667,73,60,41,33
19,19,8,7,3.285714,2.5,6.142857,4.166667,4.857143,6.8,5.857143,1.8,2.571429,3,5.6,5.8,6.6,4.076923,5.736842,2.470588,6,50,45,58,38
15,13,21,21,4.571429,2.666667,5.857143,5.5,6,5,4.428571,4.2,2.857143,6.4,4.8,5.6,4.6,4.692308,5.157895,4.294118,5,65,83,65,28
16,12,13,14,1.857143,4.833333,3.428571,4.333333,3.285714,4.2,1.714286,4.8,4.571429,6.2,4.4,3.8,4.4,3.538462,2.947368,5.117647,4.2,71,71,47,28
21,21,21,21,3.428571,4.5,3.142857,5.5,5.285714,2.6,3.428571,5.6,3,4.2,3.2,1.8,2.8,4.076923,3.894737,4.117647,2.6,93,49,49,42
20,19,21,21,4.428571,3.833333,3.714286,3.833333,5.571429,5,3.571429,6,5.142857,5.4,5,5.2,4.6,3.961538,4.684211,5.470588,4.933333,88,61,44,39
21,19,18,20,5.428571,3.833333,5.285714,5.666667,6.142857,3,3.142857,1.8,2.142857,3.6,5.4,5.8,6,5.076923,4.210526,2.470588,5.733333,96,55,66,40
18,18,16,19,4.857143,4.5,5.714286,5.5,3.571429,3.2,3.857143,4.6,5.857143,6.4,5.6,5.6,6.2,5.153846,3.578947,5.647059,5.8,86,64,74,36
19,12,15,19,.,2.666667,.,3.166667,.,3.2,.,.,.,.,.,.,.,.,.,.,.,.,.,.,31
15,15,15,18,5.428571,4.166667,4,4.666667,3.571429,5.2,4,5,3.142857,4.4,5.6,5.6,5.6,4.576923,4.157895,4.058824,5.6,55,50,77,30
15,16,19,20,4.428571,3.5,4.285714,4.166667,4.428571,2.2,4.857143,5.2,.,5.4,4.4,4.6,4.4,4.115385,4,.,4.466667,69,61,40,31
11,14,19,21,5.142857,5.166667,4.714286,6,5,4.4,3.857143,4,2.142857,4.6,4.6,4.8,5.2,5.230769,4.421053,3.411765,4.866667,63,57,57,25
20,20,20,21,2.142857,2.666667,3,4.666667,5.857143,5.6,5,3.6,2.714286,3.6,4.8,6.2,5.4,3.076923,5.473684,3.235294,5.466667,65,40,29,40
16,14,11,11,5.571429,4.5,4,4.166667,3.857143,4.2,5.142857,1,1.714286,1.6,5,2,4.2,4.576923,4.421053,1.470588,3.733333,47,38,39,30
19,16,16,18,3.714286,3.666667,4.571429,3.166667,5.428571,3.8,4.428571,6.2,5,6.2,5.4,4.2,4.4,3.807692,4.631579,5.705882,4.666667,79,56,63,35
20,21,21,20,4.857143,4.833333,6,3.666667,5,4.4,4.857143,6.6,4.571429,4.8,6.2,6.4,5.4,4.884615,4.789474,5.235294,6,97,74,45,41
16,15,14,21,3.857143,3.666667,5,5,4.285714,3.2,5.428571,4.2,5.571429,2.2,4.2,4.8,3.4,4.384615,4.421053,4.176471,4.133333,55,47,49,31
13,10,17,14,3.857143,4,3.285714,4.5,5.285714,4.2,5.142857,3.4,4.285714,4.2,5,4.6,6,3.884615,4.947368,4,5.2,75,51,32,23
21,16,17,19,4,6,5.428571,3.833333,3.285714,4,3.142857,6.4,5.571429,6,5.6,5.4,5.4,4.807692,3.421053,5.941176,5.466667,95,34,48,37
20,21,16,18,.,4.5,2.285714,3.333333,.,.,2.142857,5.8,4.714286,3,2.8,5,4.4,.,.,4.529412,4.066667,.,.,.,41
17,15,13,13,3.857143,4.833333,4.571429,3.666667,5.285714,3.4,2.714286,6.6,3.285714,4.6,3.2,4.8,.,4.230769,3.842105,4.647059,.,86,54,55,32
18,18,21,21,4.428571,3.333333,5.142857,.,4.714286,5,3.142857,6.8,3.857143,5.4,3.4,4.8,5,.,4.210526,5.176471,4.4,89,74,58,36
8,12,21,20,4.857143,5.5,3.857143,5.166667,4.857143,2.6,3.714286,5.4,3.428571,4.8,2.8,2.4,4.4,4.807692,3.842105,4.411765,3.2,70,52,60,20
12,11,18,16,4.714286,5.333333,5.142857,4.833333,5.857143,4.8,4.857143,3.2,4.857143,4.4,5.4,5,5.8,5,5.210526,4.235294,5.4,70,78,56,23
17,16,20,21,4.857143,4.666667,4.571429,4.666667,4.285714,3.6,4.285714,3.8,4.285714,4.2,4.2,2.4,5.4,4.692308,4.105263,4.117647,4,80,74,79,33
15,13,21,21,5.142857,5.666667,3.714286,5.666667,4,5,4.857143,4.6,3.142857,4.8,5.4,3,5.2,5,4.578947,4.058824,4.533333,78,55,62,28
16,16,16,18,3.142857,2.5,2.714286,3.166667,3.714286,5.2,5.714286,4.2,4.285714,4.8,4.8,5,5.6,2.884615,4.842105,4.411765,5.133333,85,73,57,32
16,11,21,21,4.714286,4.833333,1.571429,6.166667,3.428571,3.2,3.571429,5.8,6,4.6,2.8,4.2,4.6,4.230769,3.421053,5.529412,3.866667,92,75,75,27
18,16,20,20,5.285714,5,5,4.666667,4.857143,4.4,4.857143,5.8,3.714286,4.6,5.8,5.2,4.4,5,4.736842,4.588235,5.133333,77,54,51,34
20,18,18,21,4.142857,4.5,4.714286,4.5,3.285714,2.8,3.571429,.,4.142857,3.6,4.8,4.6,4.2,4.461538,3.263158,.,4.533333,63,56,66,38
18,18,19,20,4.571429,5.5,2.142857,4.5,4.571429,4.4,2.857143,4.4,6.285714,4.6,5.2,5.6,4.2,4.115385,3.894737,5.235294,5,45,71,38,36
16,13,18,15,4.714286,4.666667,6.428571,2.333333,4.142857,.,5.285714,3.2,3.571429,2.4,5.4,6.4,3.8,4.615385,.,3.117647,5.2,69,58,61,29
13,11,20,21,4.714286,4.5,6.142857,3.333333,4.714286,3.6,5.142857,4.6,5.857143,6.6,2.8,1.6,4,4.730769,4.578947,5.705882,2.8,81,74,59,24
15,15,18,19,4.714286,6.333333,3.714286,2.666667,6.142857,6.2,6.571429,3.2,3.714286,1.2,3.8,2.8,4.2,4.346154,6.315789,2.823529,3.6,77,67,66,30
18,19,16,14,3.285714,3.833333,4,3.166667,3.857143,4,4,5.2,5.571429,4,4.2,5.6,6,3.576923,3.947368,5,5.266667,82,68,56,37
12,12,12,12,4,3.166667,5.428571,2.333333,5.285714,3.6,3.857143,2.4,5.285714,4.6,5.6,6.6,6.8,3.807692,4.315789,4.235294,6.333333,91,78,50,24
17,4,9,9,3.142857,3.166667,3.571429,3.5,4.714286,5,3.428571,6.6,4.714286,6.2,3.6,2.6,4,3.346154,4.315789,5.705882,3.4,66,61,60,21
19,19,12,14,5,4.166667,5.142857,4.5,2.857143,3.8,3.142857,6.2,4.428571,3.8,4.6,5.8,6,4.730769,3.210526,4.764706,5.466667,57,54,61,38
21,21,18,17,4.571429,3.666667,5.142857,3.666667,5,5.2,4.428571,5.6,5.857143,5.6,6,6,6.4,4.307692,4.842105,5.705882,6.133333,64,50,60,42
15,16,21,21,4.285714,5.333333,5.428571,6,4.714286,2.2,3.714286,4.6,3.714286,4.2,5.2,4.8,5.6,5.230769,3.684211,4.117647,5.2,73,57,81,31
14,14,11,14,.,.,.,.,.,.,.,.,.,.,.,.,.,.,.,.,.,55,62,42,28
17,13,18,.,.,.,.,.,.,.,.,.,.,.,.,.,.,.,.,.,.,.,.,.,30
21,21,21,21,2.142857,2,4,4.666667,5.428571,4.4,5.428571,3.8,3,5.2,6.2,5.6,6.6,3.192308,5.157895,3.882353,6.133333,102,58,52,42
14,13,17,16,.,.,.,.,.,.,.,.,.,.,.,.,.,.,.,.,.,.,.,.,27
18,20,18,20,3.285714,3.166667,4.857143,5,6.285714,3.8,4,5.4,3.714286,4.8,4.6,4,6,4.076923,4.789474,4.529412,4.866667,61,33,44,38
21,21,21,21,2.428571,4.666667,5.285714,3.833333,6.571429,5.8,4.428571,6.2,5.571429,5.6,6.8,5.4,7,4.038462,5.578947,5.764706,6.4,83,75,44,42
16,14,16,19,4,3.5,4.428571,5,5.428571,4.8,4.428571,4.6,3.285714,5.4,5.2,4.6,5.2,4.230769,4.894737,4.294118,5,87,53,64,30
21,21,21,21,4.857143,4.333333,6.285714,3.666667,6.142857,5.2,4.285714,2.6,4.142857,5,6,4.2,5.8,4.846154,5.210526,3.941176,5.333333,103,66,82,42
18,8,13,15,5.428571,5.166667,5.857143,4.833333,5.142857,4.6,4.428571,5.2,4.142857,5.2,5.8,5.8,7,5.346154,4.736842,4.764706,6.2,98,77,73,26
19,19,20,19,4.714286,4.666667,5.285714,5.5,6.142857,4.2,6.285714,3.6,3.714286,4.2,6.2,6.4,6.6,5.038462,5.684211,3.823529,6.4,90,83,72,38
10,8,4,3,2,3.666667,2.285714,3.666667,1.428571,2.2,3.857143,3.6,5.571429,5.6,4.4,3.8,6,2.846154,2.526316,5,4.733333,23,34,27,18
20,16,12,17,5.571429,3.5,4.142857,3.333333,5.428571,3.2,3.428571,3,5,5.4,5.6,6.2,5,4.192308,4.105263,4.529412,5.6,74,44,23,36
7,5,20,21,.,.,.,.,.,.,.,.,.,.,.,.,.,.,.,.,.,67,71,53,12
18,17,21,21,3.142857,2.833333,4.142857,2.666667,4.285714,4.4,5.714286,5,4.428571,4.2,3,4.4,3.6,3.230769,4.842105,4.529412,3.666667,40,44,35,35
18,17,18,21,4.857143,4.5,4.285714,5.333333,5.285714,4.2,4.857143,4.2,3.428571,4,3.6,3.4,4.4,4.730769,4.842105,3.823529,3.8,67,60,61,35
18,17,17,21,3.857143,4.666667,4.571429,5.166667,2.857143,3.6,4.142857,5.6,2.714286,4.2,4.4,6,6,4.538462,3.526316,4,5.466667,65,45,37,35
19,18,18,18,2.714286,5.333333,5,2.333333,5.285714,4,4.285714,4.4,4.285714,5.2,5,5.4,6,3.846154,4.578947,4.588235,5.466667,72,71,55,37
13,13,21,19,2.142857,2.166667,2.714286,3.666667,4.428571,3,3.857143,4.8,3.714286,4.4,4.8,5.4,4.4,2.653846,3.842105,4.235294,4.866667,76,62,56,26
20,20,16,16,4.714286,5.166667,3.714286,4.5,4.428571,2.8,4.142857,4.2,4.571429,4.4,3.8,6.2,5.8,4.5,3.894737,4.411765,5.266667,88,48,70,40
16,15,16,18,3.857143,3.833333,4,3.166667,3.285714,3.8,3.142857,4.4,3.142857,6,4,4.4,6,3.730769,3.368421,4.352941,4.8,.,.,.,31
16,16,21,21,4.285714,2.666667,4.571429,3.333333,5.142857,5.2,4.428571,5.6,4.428571,6,4.8,6.2,4.8,3.769231,4.894737,5.235294,5.266667,92,70,51,32
15,18,16,15,5,3.166667,4.714286,4,3.571429,4.2,5.571429,2.8,4.142857,5.2,5,5,5.8,4.269231,4.473684,4.058824,5.266667,64,51,38,33
19,16,9,12,5.714286,3.333333,5.285714,4.666667,6.428571,4.6,5.571429,5.4,3.857143,6,5.6,4.4,6,4.807692,5.631579,4.941176,5.333333,74,62,47,35
18,21,18,21,3.428571,2.666667,4.428571,5.333333,6.285714,3.4,5.571429,5.6,4.571429,5.4,5.6,5.4,6.4,3.961538,5.263158,5.117647,5.8,50,42,31,39
21,21,21,21,4.857143,4.666667,5.714286,5.833333,5.571429,3.8,4.714286,4.2,3.428571,3.6,5,5.6,4.8,5.269231,4.789474,3.705882,5.133333,91,70,77,42
15,15,21,21,3.857143,5.166667,6.285714,3,4.571429,4,4.571429,4,5,4.4,6,3.4,5.8,4.615385,4.421053,4.529412,5.066667,62,61,71,30
19,.,13,14,3,3.666667,5.142857,3,5.428571,4.4,4.571429,5.8,4.714286,5.8,4,3.6,2.6,3.730769,4.842105,5.352941,3.4,.,.,.,.
19,17,17,19,2.857143,4,3.428571,3,4.571429,1.8,3.857143,5,5.857143,4.6,3.8,4.8,5.2,3.307692,3.578947,5.235294,4.6,74,71,61,36
16,15,21,21,3.285714,4,2.571429,4.166667,5.571429,5.4,4.428571,6.2,3.428571,4.4,5.2,4.6,5,3.461538,5.105263,4.529412,4.933333,74,68,58,31
18,17,21,21,4.571429,4.166667,3.857143,4.666667,5.857143,4.4,5.142857,2.2,4.857143,3.2,5.6,4.8,5.4,4.307692,5.210526,3.588235,5.266667,69,68,47,35
17,18,20,21,3.142857,3.5,3.142857,5.666667,5.142857,3.8,4.714286,2,3.285714,4.8,2.8,5.4,5,3.807692,4.631579,3.352941,4.4,97,87,65,35
12,16,19,18,3.142857,4.333333,3,4.166667,5,5,3.714286,5.2,6.428571,4.2,7,4.6,5.4,3.615385,4.526316,5.411765,5.666667,87,68,33,28
18,14,12,12,5,4,5,5.333333,6,2.8,4.714286,3.6,2.285714,5.6,5.4,5,6.4,4.846154,4.684211,3.647059,5.6,69,47,45,32
21,21,12,12,4.142857,3.333333,5.142857,3.166667,2.857143,2.8,3.285714,5.4,4.714286,5,6,5.2,5.8,4,3,5,5.666667,54,57,40,42
17,16,16,21,4.857143,2.833333,4.428571,3.166667,4.857143,6.4,4.285714,3.2,4.857143,.,5.2,5.2,5.4,3.884615,5.052632,.,5.266667,.,57,75,33
18,15,19,21,5.142857,6.333333,5.142857,3.5,4.428571,3.2,3.857143,5,5.428571,5.2,6.2,6.4,6.2,5.038462,3.894737,5.235294,6.266667,78,53,82,33
21,21,21,21,3.714286,5.333333,5,5.166667,6.714286,5.2,3.857143,4.6,3.571429,6.8,4.2,5.4,5,4.769231,5.263158,4.823529,4.866667,100,88,68,42
18,15,21,21,4.285714,4.166667,4.857143,4.333333,3.142857,3.6,3.285714,3,5.142857,4.8,4.4,4,6,4.423077,3.315789,4.411765,4.8,28,37,74,33
21,21,21,21,1.857143,3.666667,3.285714,3,6.428571,5.8,5.857143,5.6,4.857143,5,4.4,5.8,5.6,2.923077,6.052632,5.117647,5.266667,101,60,25,42
14,16,19,20,4.285714,4.833333,5.285714,5,5.428571,4.8,4.714286,3.2,3,4.8,4.4,4.4,4.2,4.846154,5,3.588235,4.333333,79,54,57,30
17,15,12,14,3.285714,3.666667,3,4.5,2.285714,3.8,4.142857,4,3.285714,3.4,2.6,4,4.4,3.576923,3.368421,3.529412,3.666667,42,54,46,32
16,12,14,15,4.857143,5.5,4.714286,4.166667,3,3.2,2.857143,4.2,5.142857,4.6,4.8,5.8,6,4.807692,3,4.705882,5.533333,63,60,61,28
21,20,6,7,4.285714,2.666667,3.857143,5.833333,4.714286,5,5.714286,5.6,3.142857,5.8,4.4,5.8,6.2,4.153846,5.157895,4.647059,5.466667,37,38,40,41
10,10,11,14,5.142857,3.666667,6,6,2.857143,2.6,2.428571,6,5.714286,6,6.4,6.2,7,5.230769,2.631579,5.882353,6.533333,39,52,32,20
15,15,17,18,4.428571,4.333333,3.428571,4.833333,2.857143,2,2.285714,5.2,3.428571,4,4.6,5.8,4.2,4.230769,2.421053,4.117647,4.866667,74,48,52,30
13,13,13,16,4.142857,5,5,3.666667,3.857143,3.6,3.571429,5.4,4.571429,4.4,4.8,5,5.8,4.461538,3.684211,4.764706,5.2,84,62,58,26
19,18,20,19,4.428571,3.5,2.714286,5.166667,6.142857,5.4,4.571429,6,2.142857,4.4,4,3,4.2,3.923077,5.368421,3.941176,3.733333,77,79,69,37
17,15,21,21,2.142857,3.333333,3.285714,5.5,4.714286,5.2,5,2.8,4,3.6,5.4,5,7,3.5,4.947368,3.529412,5.8,82,73,48,32
16,18,19,19,4.571429,5.5,3.571429,5,4.857143,3.8,3.714286,4.4,3.571429,4.2,5.4,4.2,5.6,4.615385,4.157895,4,5.066667,68,54,50,34
19,18,16,21,4.571429,4.833333,4.428571,5.5,4.428571,3.6,3,4.4,2.285714,.,5.2,4.8,4.6,4.807692,3.684211,.,4.866667,81,55,63,37
19,13,14,9,4,3.166667,3.857143,4.666667,4.428571,4.2,4.571429,4.8,4.857143,5.6,4,5.8,5.4,3.923077,4.421053,5.058824,5.066667,.,.,.,32
15,15,21,21,1.428571,4,1.428571,1,3.285714,4.4,4.285714,4.4,4.571429,5,2.6,1.6,3.4,1.923077,3.947368,4.647059,2.533333,66,34,46,30
19,18,15,16,3.428571,2,3.428571,5,5.428571,4.2,6,5.8,.,5.8,4.8,4.8,4.2,3.461538,5.315789,.,4.6,74,47,29,37
13,12,14,16,4.571429,4.166667,5,5.333333,4.285714,3,4,3.4,3.714286,4,4.6,4.4,4.2,4.769231,3.842105,3.705882,4.4,53,59,62,25
17,15,17,19,5.857143,5.166667,5.857143,5.166667,5.285714,4,5.714286,4.2,4,3.4,5.4,4.4,5.4,5.538462,5.105263,3.882353,5.066667,60,52,50,32
19,16,16,15,2.857143,4.5,4.857143,2.666667,5.428571,3.2,3.571429,6.6,5.285714,5,5.4,4.4,3.4,3.730769,4.157895,5.588235,4.4,85,55,64,35
12,11,15,17,4.714286,5,4.285714,7,2.714286,3.4,5.428571,4,3.142857,2.8,5.6,.,6.6,5.192308,3.894737,3.294118,.,72,64,61,23
21,20,19,20,3.857143,5,5.857143,3.833333,3.857143,4.4,4,.,4.428571,4.2,5.2,5.8,6,4.653846,4.052632,.,5.666667,102,81,53,41
20,9,10,8,4.428571,3.833333,4.857143,6.166667,6.285714,5.2,4.142857,2.6,1.714286,4.2,6.2,6,4.4,4.807692,5.210526,2.705882,5.533333,85,83,46,29
16,11,12,16,3.714286,4.833333,3,4,2.428571,4.8,3.571429,3.6,5.571429,3.2,4.6,4.2,5.8,3.846154,3.473684,4.294118,4.866667,68,64,65,27
15,14,21,21,5.428571,5,6.142857,5.666667,3.714286,3.2,2.857143,4,3.714286,4,4.8,4.6,5.8,5.576923,3.263158,3.882353,5.066667,101,61,76,29
14,9,17,17,2.571429,2.666667,3.428571,5.5,5.714286,4.6,4,4.2,4,6,2.8,4,4.8,3.5,4.789474,4.647059,3.866667,87,88,50,23
14,12,16,18,2.714286,3.333333,3.571429,3.166667,3.571429,2.6,5.285714,5,5.142857,4.6,2.8,5.2,4.2,3.192308,3.947368,4.941176,4.066667,74,58,68,26
17,18,18,18,3.714286,4.666667,2.857143,5.333333,4.142857,2.8,3.714286,6,5.714286,6,6.2,5.4,.,4.076923,3.631579,5.882353,.,59,.,40,35
16,18,3,16,4.428571,5.166667,5.857143,5.833333,5.571429,5,4,6.8,2,5.8,6.8,6.2,6.4,5.307692,4.842105,4.529412,6.466667,65,25,50,34
17,18,19,19,3,2.833333,3.571429,4.166667,6.571429,5.2,5.857143,7,3.285714,6.2,5.2,5.4,5.4,3.384615,5.947368,5.235294,5.333333,76,53,46,35
17,18,18,18,2.857143,3.5,4.714286,3.166667,5.142857,4,4.428571,5.6,4.428571,4.4,4.6,4.6,4.2,3.576923,4.578947,4.764706,4.466667,96,58,55,35
19,19,14,14,4.142857,3.5,4.285714,2.166667,4.714286,3.4,4.857143,4.4,3.714286,5.8,4.6,3,4.6,3.576923,4.421053,4.529412,4.066667,67,66,33,38
19,20,13,15,3.142857,2.166667,3.857143,4,5.428571,4.6,4.714286,5,.,6.2,4.4,5.2,5,3.307692,4.947368,.,4.866667,68,55,50,39
20,16,8,12,4.428571,3.666667,4,3,5.142857,4.4,3.428571,6.2,4.428571,5.2,5,6,6,3.807692,4.315789,5.176471,5.666667,61,63,55,36
21,20,19,20,3.571429,4.333333,5.714286,5.833333,2.714286,4.2,3.571429,4.8,4.571429,3.4,5.2,5.2,6,4.846154,3.421053,4.294118,5.466667,76,62,67,41
15,15,18,21,6.285714,3.666667,5.857143,5.833333,4.428571,3.6,3.571429,3.4,3.714286,2.8,5.6,6,6.4,5.461538,3.894737,3.352941,6,105,84,65,30
21,9,18,18,2.857143,3,3.571429,2.166667,6.428571,5.2,4.857143,3,4.142857,6,5,2.6,3,2.923077,5.526316,4.352941,3.533333,54,34,28,30
20,20,10,11,4.142857,4.333333,5.857143,4.5,3.714286,2.6,4.142857,5,4.142857,5.8,5.2,6.6,5.8,4.730769,3.578947,4.882353,5.866667,75,49,53,40
20,.,20,19,.,.,.,.,.,.,.,.,.,.,.,.,.,.,.,.,.,.,.,.,.
17,15,19,18,4.571429,4.166667,3.142857,4,5.142857,4,3.285714,4.8,4.428571,5.4,4.4,5.2,5.8,3.961538,4.157895,4.823529,5.133333,60,54,56,32
20,19,21,21,4.571429,5,4.714286,3.666667,4.714286,3.8,.,5.2,4.142857,4.4,4.4,4.8,5,4.5,.,4.529412,4.733333,94,75,82,39
20,17,17,19,3.571429,3.666667,3.857143,4.666667,4.571429,4.2,6,2,2.857143,3.6,2.6,3.8,3.8,3.923077,5,2.823529,3.4,87,46,54,37
19,19,21,21,3.571429,3.5,5.571429,2.5,5.428571,.,5.142857,2.6,4.285714,2.8,5.6,4.6,5,3.846154,.,3.352941,5.066667,.,78,56,38
21,21,13,11,5.714286,4.666667,4.571429,5.5,5.285714,4.8,5.285714,5,4,5.8,4.8,5.4,5.4,5.115385,5.157895,4.823529,5.2,81,67,68,42
16,14,18,18,4.142857,3.5,3.285714,4.166667,.,3.4,3.142857,3,4.857143,4.8,4,4,5.4,3.769231,.,4.294118,4.466667,48,57,54,30
.,10,15,14,5.142857,3.333333,4.857143,5.666667,4.714286,2.6,3.285714,5,2.714286,5.6,4.6,3.4,3.4,4.769231,3.631579,4.235294,3.8,81,.,62,.
17,16,19,19,3.714286,2.166667,2.571429,2.833333,4.571429,3.6,4.428571,4.4,3.714286,5.2,5.2,3.8,5.2,2.846154,4.263158,4.352941,4.733333,43,49,34,33
21,20,16,16,3,3.5,4.428571,4.833333,5.428571,5.6,5.428571,3.4,3.714286,5.4,5.6,4.8,3,3.923077,5.473684,4.117647,4.466667,80,64,53,41
16,14,16,13,.,4,4.285714,3.166667,.,4.8,6,5.4,3.857143,.,5.4,4,3.6,.,.,.,4.333333,.,69,.,30
17,15,18,16,4.428571,4.833333,3.714286,4.833333,5.571429,4.2,3.714286,3.8,4.714286,5.4,5.4,3.4,5.2,4.423077,4.526316,4.647059,4.666667,77,61,44,32
13,12,15,14,.,3.166667,.,5.166667,.,3.8,.,.,.,.,.,.,.,.,.,.,.,.,.,.,25
9,12,14,15,4.142857,5,5,4.166667,3.714286,4.6,4.428571,4.4,3.142857,3,5.2,5.4,3.6,4.576923,4.210526,3.470588,4.733333,68,62,45,21
17,16,12,12,.,.,.,.,.,.,.,.,.,.,.,.,.,.,.,.,.,.,.,.,33
20,8,15,14,3.714286,2.666667,3.571429,2.833333,6.142857,4.4,4.142857,6.6,4.285714,6.4,4.2,5.2,4,3.230769,4.947368,5.588235,4.466667,70,70,37,28
16,16,15,16,3.428571,4.833333,3.142857,3,5.285714,2.8,3.428571,6.4,4.571429,4.6,3.4,3.6,4,3.576923,3.947368,5.117647,3.666667,59,67,44,32
13,11,14,16,3.571429,4.5,5.285714,4.666667,2.571429,3.4,2.285714,5.6,3.714286,5,5.8,5.6,6.2,4.5,2.684211,4.647059,5.866667,58,64,58,24
19,19,17,18,5.428571,4.666667,4.571429,6.166667,3.714286,2.8,5,2.6,3,4.2,5.4,6.6,7,5.192308,3.947368,3.235294,6.333333,82,52,61,38
16,15,7,7,2.285714,2.666667,3.714286,2.666667,4.285714,4.8,5.285714,5.4,4.857143,3.8,3.6,4.4,4.2,2.846154,4.789474,4.705882,4.066667,64,51,43,31
20,19,19,20,3.714286,3.166667,5,5.333333,5.714286,1.8,4.285714,6.6,4,6.6,6.6,6.2,5.8,4.307692,4.157895,5.529412,6.2,71,69,40,39
16,13,17,19,2.714286,3.666667,4.428571,3.5,4.714286,4,3.285714,5.6,3.285714,5,3.4,4.6,5.4,3.576923,4,4.470588,4.466667,77,71,65,29
20,18,16,19,6,3.666667,6.428571,4.333333,5.857143,2.2,4.428571,4.6,4,6.8,6,6.6,6,5.192308,4.368421,5,6.2,80,67,79,38
19,18,21,21,3.142857,3.666667,5.285714,2,6,4.8,4.285714,5,4.714286,5,4,3.8,3.4,3.576923,5.052632,4.882353,3.733333,104,60,49,37
18,18,12,13,5.142857,3.666667,5.142857,5.666667,5.285714,4,3.714286,6.4,2.285714,6.4,5.4,5.4,5,4.923077,4.368421,4.705882,5.266667,58,49,55,36
19,18,21,20,5.142857,1.5,5.285714,4.666667,6.142857,5.4,5.571429,2.2,3.857143,4.6,4.8,6.4,6,4.230769,5.736842,3.588235,5.733333,98,62,52,37
.,20,16,17,3.571429,3.833333,.,5.5,5.857143,4.6,4.285714,3.8,4.571429,4,3.8,6.2,4.2,.,4.947368,4.176471,4.733333,66,75,58,.
21,21,21,21,6,6.333333,6.428571,3.5,4.285714,6.2,2.714286,6.8,5,6.2,5.4,6.6,6,5.615385,4.210526,5.882353,6,104,61,62,42
17,15,19,18,.,.,.,.,.,.,.,.,.,.,.,.,.,.,.,.,.,67,54,41,32
17,15,14,15,3.428571,1.833333,4.714286,3.166667,5.142857,3.6,6,4,3.714286,3.2,5.4,6,6.6,3.346154,5.052632,3.647059,6,64,40,66,32
14,15,20,20,3.285714,3.333333,6.428571,3.166667,4.428571,2.4,3,4,5.714286,6,5.4,6.2,5.6,4.115385,3.368421,5.294118,5.733333,58,59,47,29
21,21,13,17,5.571429,3.166667,5.285714,6.333333,6,4.4,5.714286,2.2,2.428571,4.6,6.4,5.4,5.4,5.115385,5.473684,3,5.733333,100,77,64,42
15,8,18,18,.,5.833333,3.857143,5.166667,.,1.8,.,.,.,.,.,.,.,.,.,.,.,.,.,.,23
17,16,19,19,3.285714,3,2.428571,2.5,4.571429,5,2.142857,6.6,5.714286,6.8,4.2,3,5.2,2.807692,3.789474,6.294118,4.133333,50,64,52,33
16,12,14,13,3.571429,5.333333,5.571429,3.5,4,2.6,3.714286,3.8,4.142857,5.6,4.4,4,3.6,4.5,3.526316,4.470588,4,68,56,36,28
15,10,18,18,.,.,.,.,.,.,.,.,.,.,.,.,.,.,.,.,.,.,.,.,25
20,17,17,.,2.857143,4,3.428571,3.166667,3.571429,2.8,4.142857,6.2,5,5.2,5.6,4.8,4.8,3.346154,3.578947,5.411765,5.066667,80,64,40,37
20,21,21,21,3.285714,4.5,5.285714,3.166667,5.142857,4.4,5.571429,6.2,5.142857,4.2,6.6,4.8,4.4,4.076923,5.105263,5.176471,5.266667,99,68,43,41
21,21,15,16,5.571429,5.333333,5.428571,3.666667,4.571429,2.2,3.571429,3.8,6,3.4,5.6,4.8,5.2,5.038462,3.578947,4.588235,5.2,85,52,75,42
18,13,15,13,3.142857,3.5,2.571429,2.5,4.857143,3.8,5,3.8,4.571429,4.4,5.2,4.2,5.2,2.923077,4.631579,4.294118,4.866667,66,41,44,31
18,17,20,21,6.142857,6.333333,5.142857,6.5,5.285714,2.6,3,6.2,4.714286,5.4,5.8,5,6.2,6,3.736842,5.352941,5.666667,86,86,67,35
20,15,17,18,1.285714,2.833333,2.142857,4.833333,4.142857,4.2,5.714286,2.8,3,2.8,2,2.4,5.2,2.692308,4.736842,2.882353,3.2,71,58,66,35
19,18,19,19,3.714286,2.833333,4.142857,2.666667,5,4.6,4.428571,6.4,4.571429,5.8,5.2,6,6,3.384615,4.684211,5.470588,5.733333,51,64,42,37
21,21,21,21,5.714286,5.5,6,4,5.714286,4.4,4.428571,6.2,4.571429,6.2,6.4,5.4,6.2,5.346154,4.894737,5.529412,6,105,34,78,42
17,15,14,14,3.857143,5,4.142857,4,5.285714,4.6,3.571429,6.2,5.285714,4.8,5.2,4.6,4.8,4.230769,4.473684,5.411765,4.866667,74,62,51,32
15,16,20,20,2,5.666667,2.571429,4.166667,4.285714,5.6,2.571429,5,4.571429,4,6.6,6.4,6.8,3.5,4,4.529412,6.6,24,37,41,31
17,16,21,21,3.857143,3.666667,3.857143,3.833333,5.142857,4.8,3.857143,5,3.857143,5.4,4.8,4.2,4.2,3.807692,4.578947,4.647059,4.4,78,62,62,33
20,19,21,21,3.857143,2.666667,5,3.833333,6.428571,5.6,5.142857,3.6,4.142857,5.6,5.6,5.2,5.8,3.884615,5.736842,4.411765,5.533333,66,59,54,39
19,17,11,16,5.571429,4.166667,5.285714,3.5,3.857143,3,4.857143,.,4.571429,4.8,3.8,5.6,4.2,4.692308,4,.,4.533333,78,51,38,36
19,18,13,14,4,2.5,4,4,2.857143,4,4.285714,5.2,3.428571,5.8,3.6,3.8,5.2,3.653846,3.684211,4.647059,4.2,68,50,52,37
18,9,12,8,3.428571,3,4.714286,3.166667,5,5,.,4.8,3.714286,.,5.2,3.4,5.2,3.615385,.,.,4.6,36,60,48,27
16,7,17,10,4.428571,4.166667,5.285714,3.5,4.714286,4.6,3.571429,4.2,2.285714,4.8,5.2,5.2,5.4,4.384615,4.263158,3.588235,5.266667,60,66,49,23
16,12,17,19,3.571429,3.5,3.857143,3.666667,5.428571,4.4,4.285714,5.8,5.142857,5.2,4.2,4,4.6,3.653846,4.736842,5.352941,4.266667,56,55,41,28
21,17,17,19,5.714286,4.5,5.857143,4.833333,6.142857,3.6,3.857143,6,4.857143,3.8,5,6.4,6.6,5.269231,4.631579,4.882353,6,101,60,71,38
19,18,14,16,4.142857,4.666667,5.285714,4.833333,5.857143,4.8,4.428571,6,3.714286,5.4,4,4.4,4.8,4.730769,5.052632,4.882353,4.4,89,69,48,37
19,16,14,15,2.714286,6.166667,2.714286,4,4.142857,3.8,4,6.2,5.857143,4,3.6,4.4,6.8,3.807692,4,5.411765,4.933333,59,62,53,35
15,16,12,10,3.285714,4,3.571429,4.166667,3.857143,3.6,3.285714,6.2,4.571429,6.6,6,5.6,5.6,3.730769,3.578947,5.647059,5.733333,82,66,55,31
18,16,18,17,5.714286,.,4.571429,5,4.142857,2.8,3.142857,6.4,5.428571,.,6.4,6,5.8,.,3.421053,.,6.066667,67,60,63,34
20,11,21,15,2.714286,5,4.857143,4.166667,4.285714,3.6,5,3.4,5.285714,5,5.6,5.4,5.2,4.153846,4.368421,4.647059,5.4,82,60,57,31
19,18,15,15,3.285714,2.5,5,3,5.571429,5,5.428571,5.8,5,6.2,5.4,5.8,5.6,3.5,5.368421,5.588235,5.6,80,62,59,37
21,18,16,16,3.428571,4.5,3.142857,4.5,4.714286,4.8,3.714286,6.2,4.428571,6,4.8,4.8,5,3.846154,4.368421,5.411765,4.866667,86,63,54,39
19,18,14,16,2.285714,1.833333,3.142857,4.666667,5.285714,5.4,4.714286,4,4,4.8,4.6,4.6,5.6,2.961538,5.105263,4.235294,4.933333,79,61,38,37
21,21,15,18,4.285714,2.833333,5.285714,4.666667,5,4,4.285714,6.4,2.714286,5.4,4.4,4.4,4.4,4.307692,4.473684,4.588235,4.4,78,74,49,42
11,15,21,21,5.428571,4.666667,5.285714,5.833333,2.857143,1.2,3.714286,4.6,3.428571,3.4,4.8,4.6,5.4,5.307692,2.736842,3.764706,4.933333,86,54,.,26
18,18,21,21,3.428571,4.333333,4.142857,3.166667,4,2.8,4.285714,4.8,6.428571,3.8,5.6,5.2,6,3.769231,3.789474,5.176471,5.6,102,94,58,36
18,16,17,17,2.428571,1.833333,2.857143,2.166667,4.857143,5.6,5.714286,4.6,4.428571,5,3.2,3.6,3.4,2.346154,5.368421,4.647059,3.4,56,57,48,34
19,15,15,17,4.285714,4.833333,4.428571,3.666667,4,3.2,3.571429,5.2,5.142857,5.6,2.2,3.4,3.6,4.307692,3.631579,5.294118,3.066667,86,41,34,34
15,15,18,18,6,4.833333,6,5.333333,4.714286,4,3.142857,4.6,3.857143,6.4,5.4,4,3.2,5.576923,3.947368,4.823529,4.2,71,67,73,30
20,20,20,21,4.428571,4,5.142857,6,3.714286,4,4.142857,6.4,2.571429,3.2,4,5.6,3.8,4.884615,3.947368,3.882353,4.466667,87,75,49,40
18,19,16,19,4.285714,3.666667,3.857143,4.166667,5.142857,4.4,5,2.4,5.714286,4.8,4.6,5.8,5.6,4,4.894737,4.470588,5.333333,61,45,46,37
13,14,18,21,4.428571,3.833333,4.428571,4.666667,2.857143,2.8,3,3.8,3.428571,5.2,4.4,4.4,5.6,4.346154,2.894737,4.058824,4.8,66,61,32,27
20,12,17,18,2.571429,3,5.142857,2.5,4.428571,5,5.142857,6.6,3,5,3,3.2,3.8,3.346154,4.842105,4.647059,3.333333,46,52,27,32
19,18,16,19,4.142857,3.833333,3.714286,3.5,4.142857,3.6,4,1.2,4.857143,3.2,4.4,5,5.8,3.807692,3.947368,3.294118,5.066667,73,63,48,37
19,18,21,21,5.142857,4.5,5.428571,5.166667,2.571429,3.8,4.285714,5.8,3.857143,6.2,5.4,5.4,5.8,5.076923,3.526316,5.117647,5.533333,105,67,48,37
19,15,21,15,4.857143,4.666667,5.142857,3.666667,5.571429,3,4.285714,5.8,4.142857,6.2,4.6,4.6,5,4.615385,4.421053,5.235294,4.733333,90,78,42,34
21,18,15,16,3.571429,3.333333,6,3.5,6.285714,4.2,4,5.4,4,5.2,5.2,3.8,4.2,4.153846,4.894737,4.764706,4.4,78,.,31,39
18,18,13,12,5.428571,5.333333,4.714286,4.333333,5.142857,4,3.714286,6.8,4.857143,4.2,3.8,4.2,4,4.961538,4.315789,5.235294,4,85,45,39,36
15,15,11,11,4.714286,5,4.142857,4.333333,5.142857,3.6,3.142857,5.8,3.714286,5.4,5,5.8,5.4,4.538462,4,4.823529,5.4,53,64,43,30
21,21,21,21,6,4.333333,4.714286,5.166667,5.142857,3.8,4.428571,4,4.142857,3,.,4.4,6.2,5.076923,4.526316,3.764706,.,90,75,71,42
16,12,11,9,4.285714,3.166667,3.714286,4.833333,5,3.6,4.714286,4.2,3,3.6,3.2,3.2,2.4,4,4.526316,3.529412,2.933333,62,51,56,28
10,11,20,19,2.857143,4.833333,3.142857,2,4.571429,2.4,2.857143,6.2,4.857143,3.4,5.2,4.8,6,3.192308,3.368421,4.823529,5.333333,92,73,72,21
20,19,20,21,.,.,.,.,.,.,.,.,.,.,.,.,.,.,.,.,.,92,85,83,39
19,21,21,.,4.571429,5.166667,6.428571,3.5,3.714286,3.6,4.571429,6.8,4.714286,4.4,5.4,3.6,3.4,4.961538,4,5.235294,4.133333,101,59,63,40
12,11,13,10,3.857143,4.666667,3.571429,2.666667,2.428571,3,4.571429,5.2,4.714286,4.2,3.8,2.8,4.6,3.692308,3.368421,4.705882,3.733333,45,44,40,23
18,19,16,15,3.142857,2.666667,3,4,4.857143,4.6,5,3.8,2.857143,4,5.4,5.6,5,3.192308,4.842105,3.470588,5.333333,72,62,64,37
21,20,14,14,5,4.833333,5.142857,5.166667,5.428571,3,3.571429,5.4,3.571429,4.2,6,5.4,5.6,5.038462,4.105263,4.294118,5.666667,87,75,75,41
19,16,20,21,5,4.833333,5.142857,3.833333,3.428571,3.8,3.142857,5.6,5.428571,4.8,7,6.8,6.6,4.730769,3.421053,5.294118,6.8,84,54,73,35
17,17,21,21,4.142857,6.666667,4.428571,4.333333,4.571429,2.6,1.571429,5.6,4.285714,5.8,4.6,3.6,3.6,4.846154,2.947368,5.117647,3.933333,94,89,75,34
20,20,12,14,3.857143,3.5,4.571429,4.333333,.,4.4,3.571429,4.2,4.714286,5.6,4.8,4.4,5.2,4.076923,.,4.823529,4.8,52,.,36,40
20,18,13,14,4.428571,3.833333,5.285714,4.666667,5.428571,5.4,4,4.2,3.428571,4.6,6,6,5.4,4.576923,4.894737,4,5.8,91,70,47,38
13,11,15,18,3.571429,3.833333,4.142857,4,3,3,3.571429,4.6,5.571429,4.2,5.4,5.4,4.4,3.884615,3.210526,4.882353,5.066667,62,57,63,24
17,16,14,15,5.285714,4.166667,.,6.833333,.,5.8,2.857143,5.8,2.714286,3.8,5.8,6.8,5.2,.,.,3.941176,5.933333,101,81,.,33
21,21,12,13,3.571429,2.166667,3,4.333333,3.285714,4,4.142857,1.2,1.714286,5.2,6,5.6,6.6,3.269231,3.789474,2.588235,6.066667,96,58,87,42
18,16,20,19,5.142857,5.5,6.142857,5.666667,3.142857,2.6,4.428571,3,4,1.6,3.8,5.4,5,5.615385,3.473684,3,4.733333,98,70,74,34
18,18,9,12,4.428571,3.333333,4.285714,4.666667,4.142857,4.6,4.285714,3.8,5.714286,3.2,4.8,5.4,5.6,4.192308,4.315789,4.411765,5.266667,50,48,60,36
17,10,21,17,6.142857,5.833333,6.285714,5.833333,4.714286,4,3,2.8,3.571429,2.4,3.8,3.8,5.8,6.038462,3.894737,3,4.466667,99,64,82,27
15,14,12,12,5.285714,2.833333,5.142857,5.833333,4,4.6,5,3.2,3.571429,4.8,6,5.6,4.8,4.807692,4.526316,3.823529,5.466667,59,51,49,29
21,21,18,18,6.142857,4,6.142857,6.166667,6.571429,5.8,3.714286,5.2,3.142857,6.2,7,7,6.8,5.653846,5.315789,4.647059,6.933333,102,90,48,42
15,11,18,17,4.571429,5.333333,6,5.166667,3.142857,4.4,3.428571,2.8,5.142857,3,5,5.8,6,5.269231,3.578947,3.823529,5.6,56,65,89,26
12,10,19,19,3.857143,4.166667,4.857143,5.333333,4.428571,3.6,4,5.8,4.714286,5.2,6,4.6,5,4.538462,4.052632,5.176471,5.2,82,68,48,22
21,19,21,19,4.714286,5.666667,4.714286,4.5,5.714286,.,4.714286,.,2.857143,4.8,4.4,2.4,3.8,4.884615,.,.,3.533333,94,68,49,40
18,18,18,18,3.428571,4.166667,4.571429,3.333333,3.571429,3.6,4,6,5.428571,5.6,5.4,6.2,5.2,3.884615,3.736842,5.647059,5.6,97,86,67,36
19,11,14,15,2.857143,3.333333,5.428571,4.833333,5.285714,5,5.285714,5.2,4.714286,4.2,3.2,5.4,5.4,4.115385,5.210526,4.705882,4.666667,64,46,53,30
20,20,19,19,3.428571,3.333333,3.571429,5.333333,6.428571,5,4.857143,5,3.428571,6.4,5.6,5.6,6.6,3.884615,5.473684,4.764706,5.933333,101,78,62,40
16,14,15,14,3.428571,3.666667,3.857143,3.833333,4,5.2,4.285714,5.2,4.142857,3.6,4,5,4.4,3.692308,4.421053,4.294118,4.466667,56,48,65,30
16,15,16,11,4.142857,4.5,6.285714,4.666667,2.142857,2.6,.,3.4,3.285714,3.6,6,6,6.2,4.923077,.,3.411765,6.066667,70,78,66,31
14,12,17,16,4.285714,3.833333,3.857143,3.166667,3.571429,3.2,4.857143,3.6,2.428571,4.4,4.8,3.8,5,3.807692,3.947368,3.352941,4.533333,73,58,54,26
13,13,13,12,3.571429,3.333333,3.142857,2.833333,3.714286,5.2,4.714286,5,3.857143,3.4,4.8,4.8,3.2,3.230769,4.473684,4.058824,4.266667,57,53,53,26
19,14,21,21,4.714286,4,5.428571,3.5,4.714286,3,4.714286,5,6,5.4,6.4,7,7,4.461538,4.263158,5.529412,6.8,98,74,84,33
16,19,14,17,1.428571,4.666667,2.714286,1.5,6,6.4,5.428571,2,4.142857,2.4,6.6,6.8,4.4,2.538462,5.894737,3,5.933333,67,70,60,35
18,17,20,20,3.142857,4.166667,4.285714,2.166667,4.571429,4.2,5.428571,6.6,5.285714,5.4,5,5.6,5.8,3.461538,4.789474,5.705882,5.466667,82,68,74,35
21,21,17,19,1.714286,1.333333,2.142857,2.833333,5.571429,6,5.428571,5.8,4.285714,5.6,4.8,6.2,5,2,5.631579,5.117647,5.333333,76,83,42,42
20,20,13,16,4.428571,3.333333,5.285714,6,4.857143,3,4.285714,5.6,3.571429,3.2,4.8,5.6,6.2,4.769231,4.157895,4.058824,5.533333,75,61,76,40
17,10,18,18,5.285714,4.166667,5.285714,5.333333,5.714286,4.2,5,5.6,3.857143,5,4,4.8,3.6,5.038462,5.052632,4.705882,4.133333,78,45,45,27
16,14,17,20,2.571429,3.333333,4.571429,2.666667,2.285714,2.6,4.857143,5.4,6.428571,4.4,6.2,5,6.2,3.307692,3.315789,5.529412,5.8,63,74,51,30
17,16,16,18,4.857143,4.5,5.571429,5.333333,4.714286,3.2,4.142857,3.8,4.285714,4.4,4.2,5.4,4.4,5.076923,4.105263,4.176471,4.666667,75,80,53,33
15,16,15,16,3,3.666667,4.857143,5,3.857143,4.4,4.857143,.,3.428571,6.2,5.8,6,5.6,4.115385,4.368421,.,5.8,72,61,59,31
17,16,18,15,2.571429,5.166667,.,4,.,4,3.714286,6,4,6.2,4.4,4.2,5.4,.,.,5.235294,4.666667,66,66,45,33
21,21,15,12,2.571429,3.5,5.571429,5.5,5.857143,6.6,6,3.2,4.571429,6,6.6,6.4,7,4.269231,6.105263,4.588235,6.666667,86,54,45,42
11,14,15,15,5,4.166667,5.285714,5.333333,3.571429,2.8,2.857143,5,3.428571,3,5.2,5,6.4,4.961538,3.105263,3.764706,5.533333,75,60,85,25
10,9,9,9,6.142857,.,5.571429,6.333333,3.285714,1.8,6,1.6,2.142857,4.2,3.6,5.2,6.2,.,3.894737,2.588235,5,69,56,95,19
17,5,21,16,4.285714,6.666667,3.857143,4.5,3.714286,5.2,3.285714,2.4,3.571429,3.2,2.8,2.4,6.6,4.769231,3.947368,3.117647,3.933333,85,87,46,22
21,19,15,14,3.857143,4.666667,4,4.5,4.571429,3.8,4.142857,2.2,4.428571,3.4,4.2,4,6,4.230769,4.210526,3.470588,4.733333,89,81,58,40
21,17,21,21,6.428571,5.166667,6.428571,5.666667,5.285714,2,2.857143,6.6,5.142857,5.4,2.4,4.2,4.2,5.961538,3.526316,5.647059,3.6,105,75,67,38
19,21,21,21,.,.,.,.,.,.,.,.,.,.,.,.,.,.,.,.,.,75,58,65,40
16,14,17,19,3.857143,4.166667,3.571429,4.666667,3.714286,4.2,3.428571,2.6,2.285714,1.8,4.4,3,5.2,4.038462,3.736842,2.235294,4.2,70,54,50,30
.,10,6,9,3.857143,2.166667,4.571429,4.5,3.857143,3.4,.,4.4,1.857143,5,4,5.8,5.4,3.807692,.,3.529412,5.066667,57,50,42,.
10,12,13,13,3.714286,5.5,3.142857,2.333333,4.285714,5.4,3.714286,5.2,4.428571,4.6,4.2,2.2,3,3.653846,4.368421,4.705882,3.133333,91,79,46,22
21,21,21,21,3.714286,4.5,5,4.333333,4.857143,4.6,3.857143,4.2,4,3.4,5.6,6.2,5.6,4.384615,4.421053,3.882353,5.8,102,89,72,42
18,18,11,10,3.285714,2.833333,1.285714,3.166667,6,6,6.285714,1.4,3.428571,2,6.2,4.2,5.8,2.615385,6.105263,2.411765,5.4,94,74,55,36
15,13,11,10,3.285714,2.666667,2.571429,2.833333,4.285714,3.2,4,6,5.714286,6.2,3.8,4.6,4,2.846154,3.894737,5.941176,4.133333,81,66,60,28
21,21,3,8,3.857143,2.5,4.714286,1.833333,4.714286,6.2,5.285714,4.2,6.428571,6,5.2,4.2,4.4,3.307692,5.315789,5.647059,4.6,69,48,25,42
15,15,18,21,5,5.5,6,3.333333,2.857143,2.2,3.714286,4.6,5.571429,3.2,5.2,5.2,6.4,5,3,4.588235,5.6,87,72,67,30
21,20,21,20,2.857143,4.5,4.428571,4.333333,4.142857,4.2,4.142857,6.4,4.571429,5.2,5.6,6,5.8,4,4.157895,5.294118,5.8,70,57,46,41
15,13,17,18,4.857143,6.666667,5.571429,4,3.428571,3.6,3.714286,5.2,5.428571,2.6,4,4.6,6.2,5.269231,3.578947,4.529412,4.933333,55,54,53,28
19,19,21,21,3.857143,4.5,5.714286,6.666667,5.714286,4.2,4.714286,4.4,3.428571,3,5.6,6,5.2,5.153846,4.947368,3.588235,5.6,94,95,72,38
18,17,16,16,2.714286,3.833333,4,3.333333,4.142857,4.4,4.571429,.,4,4.2,.,5,4.6,3.461538,4.368421,.,.,84,70,55,35
19,16,18,21,3.428571,2.666667,4,3,4.571429,4.8,4.285714,4.2,5,4.8,3,5,4.4,3.307692,4.526316,4.705882,4.133333,84,71,61,35
20,16,15,14,4.142857,.,.,5.833333,4.142857,3.8,3.285714,4.8,2.571429,4,5.8,6.4,5.6,.,3.736842,3.647059,5.933333,94,65,41,36
21,18,10,19,4.428571,4,5.571429,4.833333,5.714286,5.2,3.857143,5,4.285714,6.6,6.2,6.2,6.6,4.730769,4.894737,5.176471,6.333333,90,82,57,39
.,.,.,.,.,.,.,.,.,.,.,.,.,.,.,.,.,.,.,.,.,.,.,.,.
17,18,13,13,3.571429,6.166667,4,5.5,5.857143,4.6,4.428571,.,3.428571,4.8,4,2.8,3.6,4.730769,5,.,3.466667,85,68,29,35
20,20,21,21,.,.,.,.,.,.,.,.,.,.,.,.,.,.,.,.,.,101,77,58,40
20,18,19,21,4.428571,2.166667,4,3.666667,5.571429,5.2,4.714286,5.8,4.428571,6.6,3.8,5.8,6.6,3.615385,5.157895,5.470588,5.4,58,61,47,38
17,13,15,18,3,4.333333,2.428571,6,3.142857,2.4,2.285714,4.6,4.142857,3,6.6,5.4,5,3.846154,2.631579,3.941176,5.666667,92,92,85,30
.,.,.,.,.,.,.,.,.,.,.,.,.,.,.,.,.,.,.,.,.,76,67,39,.
19,18,13,13,5.285714,5,4.714286,5.333333,3.857143,3.6,3.285714,5.2,4.142857,4.2,5,5.4,5.6,5.076923,3.578947,4.470588,5.333333,76,54,51,37
21,16,20,21,4.857143,5.666667,4.428571,5,5.714286,3.4,3.142857,6.8,.,5.8,5.8,5.2,5.6,4.961538,4.157895,.,5.533333,88,59,51,37
15,16,19,18,2.714286,2.833333,2.285714,2.833333,4.714286,5,5.142857,4.4,5.428571,4.4,5.4,3.8,5,2.653846,4.947368,4.823529,4.733333,62,54,49,31
20,17,6,7,3.428571,4.5,2,5.166667,6.142857,5.8,4.285714,4.4,2.428571,3,4,5,6,3.692308,5.368421,3.176471,5,76,78,71,37
17,16,13,15,5,4.166667,5.714286,3,5.142857,2.2,4.571429,4.6,4.285714,5.2,4.8,5.4,6,4.538462,4.157895,4.647059,5.4,57,57,43,33
20,20,15,15,5.714286,6.333333,5,3.5,4.714286,3.6,5.285714,4.6,3.285714,4.8,3.4,3.8,1.8,5.153846,4.631579,4.117647,3,79,52,47,40
19,16,19,21,5.857143,5.833333,5,4.666667,3.571429,3.8,3.285714,6,6,3.8,5.8,5,5.8,5.346154,3.526316,5.352941,5.533333,79,56,51,35
18,19,21,21,3,4.5,2.142857,6.166667,6.142857,4.6,3.857143,4,1.714286,4.4,4.2,5.4,6.2,3.846154,4.894737,3.176471,5.266667,72,70,66,37
18,18,15,17,2.857143,4.333333,5.285714,3.666667,4.571429,4.4,3,4.6,5.714286,3.8,4.8,4.6,6,4.038462,3.947368,4.823529,5.133333,83,48,58,36
19,13,13,14,5.142857,4.166667,.,3.666667,5,3.4,4.428571,4.8,4.714286,4,4.6,5.8,4.2,.,4.368421,4.529412,4.866667,89,65,65,32
20,17,13,12,4,3.5,4.142857,4.666667,6.142857,4.6,3.857143,6,2.428571,.,4,6,5.4,4.076923,4.894737,.,5.133333,77,72,46,37
17,15,11,18,6.142857,2.5,.,3.833333,6.285714,4,3.571429,7,4.285714,5.8,5.2,5.6,5.8,.,4.684211,5.529412,5.533333,82,46,51,32
20,19,12,14,5.857143,4,5.571429,5.833333,5.285714,4.6,4.142857,4.4,2.428571,5.6,6.4,6.2,3.6,5.346154,4.684211,3.941176,5.4,81,48,42,39
20,19,3,3,5.428571,4.5,5.571429,5.166667,6.571429,3.6,4,4.8,2.571429,4.8,5.4,6.6,4.6,5.192308,4.842105,3.882353,5.533333,85,68,63,39
20,9,14,14,3.571429,3.833333,4.857143,3,4.857143,5,5.428571,4.4,4.428571,5.8,3.2,3.6,3.2,3.846154,5.105263,4.823529,3.333333,100,42,33,29
16,15,21,20,4.857143,6.166667,5.857143,2.833333,5,3.4,2.428571,3.8,5.571429,4,5.8,6.4,5.8,4.961538,3.631579,4.588235,6,95,48,74,31
15,15,10,14,2.428571,3.833333,3.285714,1.833333,3,2.4,4.714286,5,5.714286,4.4,5,3.6,4.6,2.846154,3.473684,5.117647,4.4,72,54,52,30
14,10,8,8,3.857143,3,3.714286,2.333333,3.428571,4.4,4.428571,6.2,5.428571,3.6,4.4,2.8,5.4,3.269231,4.052632,5.117647,4.2,51,60,50,24
17,10,17,18,5.142857,2,3.428571,3,5.142857,3.2,3.571429,4.4,4.571429,5.6,4.6,5.2,6.4,3.461538,4.052632,4.823529,5.4,83,60,66,27
18,18,15,17,5.714286,2.333333,4.285714,5.166667,4.571429,4.6,4.285714,4.8,4.285714,4.4,4.8,5.6,6.2,4.423077,4.473684,4.470588,5.533333,68,42,55,36
17,15,21,20,4.714286,6.333333,6.571429,3.666667,2.571429,2.4,2,4.4,6.285714,4.2,5.4,5,5.2,5.346154,2.315789,5.117647,5.2,61,64,79,32
20,21,6,7,6,3.333333,4.714286,3.5,5.571429,3,4.285714,5.8,5.285714,6,5.2,6.2,6,4.461538,4.421053,5.647059,5.8,97,79,58,41
15,13,20,20,5.285714,4.333333,4.714286,3.833333,3,3,2.857143,4,3.571429,3.6,3.4,3,2.6,4.576923,2.947368,3.705882,3,73,65,53,28
18,18,18,18,4,4,5,4.666667,4.857143,3.8,2.714286,3.8,3.857143,5,4.8,4.8,4.8,4.423077,3.789474,4.176471,4.8,70,52,48,36
15,14,15,15,3.571429,4.333333,4.571429,3.333333,3.857143,3.6,4.714286,4.4,5.285714,5.8,6.2,5,4.4,3.961538,4.105263,5.176471,5.2,70,54,42,29
16,16,12,18,2.285714,2.666667,3,2.166667,4.142857,3,3.142857,5.4,5.857143,6.6,5.8,5.6,5.6,2.538462,3.473684,5.941176,5.666667,68,69,64,32
18,20,15,13,2.714286,5.166667,4,4.166667,4.714286,6.4,2.428571,6.8,5.571429,5.8,5.2,6.4,5,3.961538,4.315789,6,5.533333,91,52,43,38
20,20,16,18,3,2.166667,2,4.333333,5.571429,5.4,6.142857,3.2,3.714286,4.2,3.8,3.8,4.6,2.846154,5.736842,3.705882,4.066667,82,62,47,40
20,14,16,18,2.571429,4.666667,3.428571,4.666667,4.142857,3.8,3.142857,5.4,5.714286,4.6,5.2,5.2,5.2,3.769231,3.684211,5.294118,5.2,57,49,59,34
16,11,13,13,3.857143,3.333333,4.428571,.,3.571429,.,4.571429,3.8,4.714286,5.6,3.8,.,4,.,.,4.705882,.,47,52,47,27
14,12,12,12,4,4.166667,2.571429,2.833333,5.142857,4.2,5.142857,5.6,5.142857,4.6,3.4,2.6,3,3.384615,4.894737,5.117647,3,75,59,51,26
21,21,11,9,3.857143,3.166667,4,4.166667,5.285714,4.6,4.857143,3.2,4.428571,3.2,6,.,4.2,3.807692,4.947368,3.705882,.,69,78,50,42
17,14,11,13,3.857143,3.833333,4.714286,3.666667,3.571429,2.2,4.857143,6,4.571429,4.4,5.2,5.6,4.4,4.038462,3.684211,4.941176,5.066667,78,.,41,31
18,16,21,21,3.571429,3.833333,4.285714,5.166667,6,5.8,5.142857,3,3.714286,2.2,5.8,5.8,4.2,4.192308,5.631579,3.058824,5.266667,95,70,56,34
17,17,20,21,5.571429,3.666667,5.714286,5.666667,3.857143,.,3.857143,5.6,2.714286,4.2,5.2,3.6,2.6,5.192308,.,4,3.8,91,68,48,34
21,19,9,12,3.142857,3,4.857143,4.833333,5.571429,5,5.428571,5,3.714286,4.8,5.2,4.6,5,3.961538,5.368421,4.411765,4.933333,62,59,44,40
18,19,14,15,3,2.666667,3.571429,3,5,4.4,4.571429,3.8,4.714286,5.6,4.8,5,5,3.076923,4.684211,4.705882,4.933333,64,59,44,37
18,18,11,12,3.714286,4,3.285714,4.5,5.714286,4.6,3.285714,5.4,3.428571,4.8,5,4.4,5.2,3.846154,4.526316,4.411765,4.866667,53,62,53,36
21,20,8,15,3.857143,4.666667,3.857143,6.333333,5.857143,5.6,5.571429,4,3,3.8,5.6,4.4,5.2,4.615385,5.684211,3.529412,5.066667,93,43,36,41
17,8,7,10,3.285714,4.166667,2.857143,3.333333,.,4.6,4.428571,5.8,4.714286,.,4,3.8,3.8,3.384615,.,.,3.866667,63,58,60,25
17,15,19,20,3.428571,3.5,3.142857,4.333333,4.571429,3.8,4.428571,2,3.714286,4.8,3.6,3,2.2,3.576923,4.315789,3.529412,2.933333,64,54,44,32
16,19,21,21,5,3,2.571429,4.833333,4.285714,3.2,.,5.2,6.285714,4.4,3.8,4.2,4.6,3.846154,.,5.411765,4.2,86,74,75,35
17,16,18,21,3.428571,3.833333,4.142857,4.166667,5.428571,4.6,5.428571,5,4.857143,4.2,2,2.2,4.6,3.884615,5.210526,4.705882,2.933333,79,68,54,33
21,21,19,20,2,3,5,4.5,6.285714,7,4.571429,5.8,5.571429,5.4,5.6,7,7,3.615385,5.842105,5.588235,6.533333,77,68,78,42
14,10,16,13,3.285714,2.666667,4.285714,2.666667,5.285714,5.6,4,4.8,4.571429,4.4,5,5.2,3.2,3.269231,4.894737,4.588235,4.466667,66,66,48,24
15,13,19,20,4.285714,.,5.142857,4.666667,3,2,3.285714,6,4.857143,5.8,4.8,6,6,.,2.842105,5.470588,5.6,64,51,64,28
18,14,15,17,4,4.5,5.142857,4,4.714286,4.2,3.428571,3.8,4.142857,4.8,4.8,4.6,4.4,4.423077,4.105263,4.235294,4.6,78,59,71,32
19,16,18,18,3.857143,4.833333,5.285714,4,4.571429,4.2,5,5.4,3.285714,5,3.8,4.6,4.8,4.5,4.631579,4.411765,4.4,90,48,49,35
16,14,17,19,3.428571,.,3.857143,3.5,5.714286,3.8,4.428571,6.2,4.428571,6,5.6,6.4,4.8,.,4.736842,5.411765,5.6,42,45,35,30
17,16,18,21,4.285714,3.833333,5.285714,4,6,5.2,4.285714,5.4,3.714286,5.4,3,5.4,4.6,4.384615,5.157895,4.705882,4.333333,81,52,56,33
18,17,18,21,3.571429,3.666667,4.285714,4.166667,5.428571,3.4,4,5.6,4.857143,6.6,5.2,6.4,5.6,3.923077,4.368421,5.588235,5.733333,81,80,53,35
14,14,21,21,3,4,5.142857,6,3.714286,3.2,3.857143,5.2,4.142857,5.6,4.8,2.6,5.2,4.5,3.631579,4.882353,4.2,58,53,29,28
17,13,16,16,5.857143,4.166667,6,5,3.142857,1.8,3.857143,5.6,3.428571,4.8,4.8,4.8,6,5.307692,3.052632,4.470588,5.2,63,28,53,30
16,16,18,18,4.428571,5,5.285714,3.833333,5.285714,4.4,4.571429,5.4,4.714286,2.6,4.8,3.6,4.4,4.653846,4.789474,4.294118,4.266667,104,81,80,32
20,18,18,17,5.857143,4.333333,5.714286,6.333333,6.285714,4.4,5.285714,2.6,2.285714,3.4,6.8,5.6,5.4,5.576923,5.421053,2.705882,5.933333,105,67,64,38
16,7,17,19,3.142857,2.333333,5.428571,1.833333,5.428571,4.4,4.714286,2.8,3.571429,6.2,4.2,5.2,4.8,3.269231,4.894737,4.117647,4.733333,79,76,43,23
20,17,21,21,4.571429,3.833333,4.571429,3.166667,4,3,3.428571,5.4,4,5.6,5.2,4.6,.,4.076923,3.526316,4.882353,.,100,87,39,37
20,10,21,21,5,3,6.285714,5.333333,2.285714,1.8,2.285714,5,3,5,2.8,4.6,5.8,4.961538,2.157895,4.176471,4.4,52,64,57,30
15,17,14,19,.,.,.,.,.,.,.,.,.,.,.,.,.,.,.,.,.,61,60,37,32
21,19,17,9,3.857143,2.833333,4.142857,4.666667,6.571429,6.6,4.142857,4.2,2.714286,6.4,5.4,5.6,4.6,3.884615,5.684211,4.235294,5.2,78,66,62,40
20,15,21,21,5.857143,5.166667,3.857143,5.666667,6,6.4,4.857143,3,3.714286,2.6,4.8,6.8,5.8,5.115385,5.684211,3.176471,5.8,103,92,88,35
20,16,8,6,3.714286,2.5,2,3.166667,4.857143,5.2,4.285714,3,4,4.6,5,5.8,6.8,2.846154,4.736842,3.882353,5.866667,81,70,59,36
13,15,10,9,5.285714,5.5,6.285714,3,5.428571,4.2,2.857143,2.2,3.428571,3.4,6,5.8,4.6,5.076923,4.157895,3.058824,5.466667,69,77,59,28
15,10,21,21,4.428571,5.166667,5,3.666667,6.285714,3.2,4,3,2.428571,4.2,6.6,4.8,3.2,4.576923,4.631579,3.117647,4.866667,101,83,72,25
21,20,10,10,3.714286,3.5,5.714286,4.166667,4.857143,4.6,3.142857,5.8,4.142857,5.8,5.4,5.2,4.6,4.307692,4.157895,5.117647,5.066667,55,49,43,41
10,10,11,12,.,4,4.285714,5.666666,1.857142,5.2,3.285714,4.6,.,4.8,5,3.4,4.2,.,3.263157,.,4.2,67,43,72,20
17,13,17,16,2.142857,4.5,3.714285,6,2.857142,3.8,4.285714,3.4,3.571428,3.8,3.2,1,4.8,4,3.631578,3.588235,3,69,53,68,30
19,19,17,16,3.142857,4.5,3,4.166666,3.571428,4.6,3.571428,5,3.857142,4,4.2,3.8,5.4,3.653846,3.842105,4.235294,4.466666,65,58,69,38
19,12,21,21,4.285714,4,3.857142,4.833333,4.142857,4.4,4.857142,4.2,2.571428,4.8,3.2,5.8,6.4,4.230769,4.473684,3.705882,5.133333,74,56,66,31
16,15,13,18,3.285714,4.666666,4.571428,5,4.285714,4.4,3.857142,3.8,4.142857,4.4,3.6,3.6,5.8,4.346153,4.157894,4.117647,4.333333,59,68,65,31
19,19,21,18,4.142857,4.166666,4,4.166666,4.857142,4,5.142857,4.2,3.285714,5,4,5,7,4.115384,4.736842,4.058823,5.333333,67,.,65,38
19,15,15,15,4.142857,3,1.571428,3.166666,4.142857,2.8,4.571428,4.4,3.285714,3,4.2,4,4.6,2.961538,3.947368,3.529411,4.266666,71,59,49,34
19,21,8,8,3.428571,3.5,4.285714,3.666666,3.571428,4.2,4,2.8,4,4.4,4,4.4,5.4,3.730769,3.894736,3.764705,4.6,67,53,54,40
19,16,18,18,3.285714,4.666666,4.571428,6.833333,4.285714,3.8,4.714285,3.2,1.857142,4.4,4,2,5.6,4.76923,4.315789,3,3.866666,.,59,66,35
18,15,19,18,2.428571,4.5,3.285714,3.333333,4.285714,5,4.285714,4.4,4.714285,4.6,3.6,4.8,4.2,3.346153,4.473684,4.588235,4.2,75,55,76,33
18,17,16,18,3,3.5,4,2,3.428571,3,3,4.2,3.428571,3.4,4.2,3.2,5,3.153846,3.157894,3.647058,4.133333,48,42,59,35
17,15,17,16,3.571428,4.5,3.142857,4,4.428571,4.2,4.142857,2.8,3,4,3.4,5,5.8,3.76923,4.263157,3.235294,4.733333,57,37,62,32
17,14,19,18,3.428571,5.166666,4.714285,4.166666,4.857142,3.2,5.428571,3.4,5.142857,3.8,3.6,4.8,6.2,4.346153,4.631578,4.235294,4.866666,53,56,52,31
17,15,13,13,3.428571,3.833333,3.428571,3.833333,4.285714,4.4,3.428571,3.8,3.714285,4.2,4.2,3.6,4.8,3.615384,4,3.882352,4.2,46,53,65,32
15,10,6,13,3.571428,4,3,3.333333,3.857142,4.2,4.571428,4.8,4.285714,4.4,5.2,5.4,4.2,3.461538,4.210526,4.470588,4.933333,57,61,65,25
12,15,18,18,2.857142,3,2.857142,3,2.714285,4.4,2.857142,3.8,4,4.6,4.6,3.2,5,2.923076,3.210526,4.117647,4.266666,63,49,68,27
18,16,12,15,2.857142,4.333333,3.714285,4,4,3.4,4.857142,4.4,3.714285,4.8,4,2.8,4.4,3.692307,4.157894,4.235294,3.733333,65,60,59,34
14,14,18,19,3.428571,4.166666,4.571428,4.833333,4,4.8,4.714285,3.8,3.428571,4.6,4.4,4,5.4,4.230769,4.473684,3.882352,4.6,56,51,53,28
15,12,3,3,5.142857,4,3,4.333333,.,3.4,4.428571,4.4,4,3.8,3.8,2.4,4,4.115384,.,4.058823,3.4,60,60,52,27
18,15,16,18,4,4.166666,3.285714,3.666666,4.428571,4.2,4.285714,3.8,3.714285,4.6,3.6,4.6,5.4,3.76923,4.315789,4,4.533333,51,52,54,33
19,15,17,16,3.714285,3.166666,3.428571,3.333333,4.142857,3.6,3.714285,3.4,2.714285,3.4,4,2.2,3,3.423076,3.842105,3.117647,3.066666,63,62,67,34
13,9,14,15,4.428571,4.333333,4.285714,4.333333,3.571428,5.2,3.714285,4,3.714285,5,4.2,5.4,5.4,4.346153,4.052631,4.17647,5,54,53,68,22
14,13,15,15,3.571428,3.833333,2.857142,4.333333,3.571428,5.2,3.857142,4.8,3.428571,5.4,3.4,4.4,4.4,3.615384,4.105263,4.411764,4.066666,56,53,51,27
16,12,14,13,.,.,.,.,.,.,.,.,.,.,.,.,.,.,.,.,.,.,.,.,28
18,15,16,17,4.571428,4,3.714285,4.333333,3.857142,4.8,3.285714,4.4,4,4.8,4.4,3.4,4.2,4.153846,3.894736,4.352941,4,74,53,60,33
17,16,19,21,3.428571,3.166666,1.714285,4.833333,3.714285,3.4,2.428571,.,4,3.4,3.8,4.2,5.4,3.230769,3.157894,.,4.466666,75,52,50,33
21,19,15,18,3.714285,4,3.285714,5,5.571428,4.8,3.571428,4.4,3.428571,4.8,3.2,5,6,3.961538,4.631578,4.117647,4.733333,79,64,60,40
14,9,18,11,3.285714,5,3.285714,3.666666,.,3,4.428571,3.4,2.428571,3,3.6,3.6,2.6,3.76923,.,2.882352,3.266666,66,61,61,23
17,13,19,19,3.142857,4.166666,4.571428,5.166666,3.571428,3.2,4,4.4,3.285714,3.4,4.8,3,4.2,4.230769,3.631578,3.647058,4,60,55,58,30
20,18,16,16,3,4.166666,3.285714,2.333333,4.714285,4,4.428571,4.4,4.428571,5,4.6,4,5.6,3.192307,4.421052,4.588235,4.733333,77,.,70,38
15,14,21,21,3,4.666666,5,4,4.857142,4.4,5.571428,3.6,4,5.2,4,5.4,5,4.153846,5,4.235294,4.8,79,47,72,29
21,16,14,.,3.857142,5.333333,4.857142,4,4.428571,4,4.285714,3.8,3.571428,4.6,4.2,3.6,4.6,4.5,4.263157,3.941176,4.133333,75,54,62,37
14,13,13,12,3,3.833333,2.857142,4,3.571428,4.2,4.571428,4.4,4.142857,3.8,3.8,3.8,4.4,3.384615,4.105263,4.117647,4,60,52,61,27
18,14,21,21,3.714285,4.166666,3,5.5,4.428571,3,5.285714,.,3.142857,4.4,4,3.8,5.4,4.038461,4.368421,.,4.4,75,59,56,32
19,18,20,21,4.571428,4.5,4.285714,5.166666,4.428571,5.6,4.714285,5,4,5.6,3.6,4.8,6.6,4.615384,4.842105,4.764705,5,80,63,61,37
19,15,19,20,5.428571,4.166666,5.428571,3,3.857142,4.2,3.142857,4.2,3.285714,5.2,4.2,5.2,5.8,4.576923,3.68421,4.117647,5.066666,65,50,71,34
18,14,18,19,3,5,3.285714,3.166666,4.142857,4.6,3.142857,5.6,5,4.4,3.8,3.8,6.2,3.576923,3.894736,5,4.6,56,49,52,32
16,14,17,19,4.571428,4.5,3.285714,5.5,4.571428,3.2,4,4.2,3.142857,5,4,4.2,5.2,4.423076,4,4,4.466666,68,54,57,30
20,15,20,20,4.571428,4.666666,3,4.5,3.714285,5.2,3.571428,4.2,3.285714,5,4.4,6.2,5.6,4.153846,4.052631,4.058823,5.4,57,43,.,35
19,16,16,15,4,4.166666,3.428571,5.166666,4.142857,4.6,2.714285,3.6,3,4.6,3.8,5.4,5.8,4.153846,3.736842,3.647058,5,75,58,62,35
18,16,16,17,4.571428,4.333333,3.857142,5.166666,4.571428,4.6,4.571428,4.2,4.428571,5.2,4.2,6,4.8,4.461538,4.578947,4.588235,5,81,51,64,34
21,19,6,6,4.714285,3.666666,4,5,3.571428,4.8,4.285714,3.4,3.714285,3.6,3.4,3.8,4.6,4.346153,4.157894,3.588235,3.933333,54,53,57,40
20,17,14,11,3.714285,3.833333,3,4.5,4.142857,3,4.571428,4.8,3.571428,5,4.2,5.6,6.6,3.730769,4,4.352941,5.466666,49,52,59,37
17,17,15,16,4.571428,3.666666,3.142857,4.333333,4.428571,4.6,4,4.6,3.857142,5,4,5.4,6,3.923076,4.315789,4.411764,5.133333,73,52,65,34
20,20,12,12,3.428571,4.166666,3.285714,4.5,5.285714,4.2,5.285714,4.6,4,4,3.2,4.8,5.6,3.807692,5,4.17647,4.533333,72,52,70,40
19,14,21,20,4,4.833333,4.142857,4,4.285714,4.2,5.142857,4,4.714285,5.2,4.6,3.2,4.2,4.230769,4.578947,4.647058,4,71,53,69,33
18,17,21,21,4.857142,4.333333,4.571428,5,4.285714,5.6,4.571428,2.6,3.285714,3.4,5,3,4.4,4.692307,4.736842,3.117647,4.133333,63,55,63,35
15,16,19,19,5,4.666666,4.142857,5.333333,3.714285,4.6,5,4.4,4,4.2,3.6,4,6.8,4.76923,4.421052,4.17647,4.8,63,57,60,31
19,15,12,14,4,3.666666,3.285714,4.833333,5.285714,4.2,4,3.8,4.428571,5.4,3.8,4.4,6,3.923076,4.526315,4.529411,4.733333,58,52,51,34
19,17,18,18,4.428571,5,4.857142,4.5,4.285714,4.2,5.142857,4,3.857142,5.6,5.8,6,6,4.692307,4.578947,4.411764,5.933333,80,53,67,36
19,19,18,18,4.714285,4,3.285714,4.666666,4.285714,4.2,3.428571,3.8,4.142857,4.8,4.4,4.6,6.2,4.153846,3.947368,4.235294,5.066666,70,53,64,38
19,11,6,3,3.285714,3.833333,3.285714,5.5,3,3.2,.,4.4,3.428571,4.8,4.6,3,4.4,3.923076,.,4.117647,4,53,46,53,30
21,21,21,21,3.285714,4.666666,4,4.666666,4.142857,4.8,.,4.2,4,.,5.6,4,5.6,4.115384,.,.,5.066666,81,42,75,42
16,16,21,21,2,4.666666,3.714285,4.333333,3.285714,4.4,3.428571,4,3.142857,4.4,4,4.8,5.4,3.615384,3.631578,3.764705,4.733333,57,48,48,32
19,17,16,16,3.714285,4,3.285714,4,3.714285,4.2,4.571428,4.8,4.142857,4.2,3.8,4.6,5.6,3.730769,4.157894,4.352941,4.666666,67,63,67,36
21,18,18,18,1.714285,3.833333,4.285714,3,4.571428,4.2,3.714285,4,4.285714,3.8,4,4.6,3.4,3.192307,4.157894,4.058823,4,81,76,.,39
20,18,15,16,4.571428,4.5,4.142857,4.5,4.857142,5,4.571428,4.2,3.857142,5,4.2,5.2,5.4,4.423076,4.789473,4.294117,4.933333,69,63,56,38
21,21,21,21,2.571428,4.666666,4,2.166666,4.857142,3.6,4.285714,3.8,4,3.8,3.8,3.8,3.4,3.346153,4.315789,3.882352,3.666666,72,63,69,42
18,13,15,15,5,3.333333,4.857142,3.5,.,5.2,5.285714,5,.,.,4,5,6.6,4.230769,.,.,5.2,65,43,63,31
18,15,15,16,5,3.833333,2.857142,4.666666,3.714285,4.8,3.857142,4.6,3.285714,3.8,4,4,5,4.076923,4.052631,3.823529,4.333333,63,50,61,33
14,13,19,20,2.571428,4.166666,3.142857,4.666666,4.285714,4.2,4.142857,4.2,2.857142,4.4,3.2,4.8,4.4,3.576923,4.210526,3.705882,4.133333,53,52,55,27
18,16,21,21,4.714285,4.166666,3.714285,5.333333,4.857142,4,5.285714,4.8,3.714285,4.8,4,5,5.2,4.461538,4.789473,4.352941,4.733333,67,55,83,34
.,6,14,11,3.428571,4.5,2.428571,.,4.285714,4.8,2.571428,4.2,4.142857,5.2,4.2,6.2,4.2,.,3.789473,4.470588,4.866666,54,42,.,.
19,19,20,20,4.428571,4,4.428571,3.666666,4.714285,4.4,4.714285,4.8,4.571428,5.6,4,5.8,5.8,4.153846,4.631578,4.941176,5.2,68,48,67,38
17,15,16,10,3.857142,3.833333,3.285714,3.666666,3.857142,4.4,3.571428,4.6,3.428571,4.8,4,4.6,6.2,3.653846,3.894736,4.17647,4.933333,64,40,48,32
15,12,12,12,4.142857,3.5,3.857142,4.5,4.142857,4.2,3.857142,4.2,3.714285,4,4.2,4.2,4.6,4,4.052631,3.941176,4.333333,59,58,61,27
20,16,15,18,5,4.166666,4.142857,3,4.142857,5,5.714285,5,4.285714,4.4,3.4,4.6,4,4.115384,4.947368,4.529411,4,63,50,71,36
18,17,17,17,4.285714,4.666666,3.714285,4.166666,3.857142,4.8,4.571428,3.4,4.285714,5.2,3.4,.,6.4,4.192307,4.368421,4.294117,.,73,63,77,35
21,14,14,16,5,4.166666,4.142857,6.166666,4.857142,3.8,5.285714,3.2,4.571428,4.4,3.6,5,5.4,4.846153,4.736842,4.117647,4.666666,74,51,50,35
12,12,9,15,3.714285,3.166666,4.285714,3.5,.,5.4,2.714285,4.8,2.428571,3,4,2.8,5,3.692307,.,3.294117,3.933333,69,50,79,24
18,17,20,21,3.285714,4.666666,3.571428,3.5,2.714285,4.4,5.142857,4.8,4.428571,4,3.8,4.6,6,3.730769,4.052631,4.411764,4.8,70,64,79,35
17,13,19,16,3.571428,4,2.142857,4.666666,3.714285,4.4,3.571428,5.2,3.428571,4.8,3.8,3.8,3.8,3.538461,3.842105,4.352941,3.8,70,54,55,30
21,21,21,21,4.571428,4.166666,3.571428,4.833333,4.714285,4.6,3.428571,4.6,5.285714,5.6,4.6,5.4,4.6,4.26923,4.210526,5.17647,4.866666,76,49,84,42
16,16,9,9,3,4,4.142857,3.333333,4.285714,5.4,2.857142,4.4,3.714285,5.8,3.6,4,3.6,3.615384,4.052631,4.529411,3.733333,70,65,73,32
16,12,20,19,3.714285,4.5,2.428571,2,2.714285,4.4,3,4.2,3.857142,4.2,5.4,2.6,5.6,3.153846,3.263157,4.058823,4.533333,56,46,61,28
20,17,6,6,3.857142,3.833333,4.142857,3.5,4.428571,3.4,4.142857,4.4,3.285714,4.6,4.8,5,4.6,3.846153,4.052631,4,4.8,74,46,65,37
18,17,18,18,3.571428,4.166666,3,4.166666,4.285714,3.2,4.285714,3.8,3.428571,3.4,3.8,3.6,3.8,3.692307,4,3.529411,3.733333,77,68,60,35
14,14,17,18,.,3.833333,4.428571,3.166666,3.571428,4.4,4,4,4.285714,5.2,3.4,4.2,5.8,.,3.947368,4.470588,4.466666,68,68,63,28
18,17,14,15,4,4,3.285714,5.666666,4.142857,4.4,5.142857,4.4,3.571428,4.6,3.8,5.6,5.8,4.192307,4.578947,4.117647,5.066666,61,66,49,35
19,18,19,21,4.428571,5.166666,4.571428,5.666666,3.571428,5,3.857142,4.4,2.857142,5,5.2,4,5.4,4.923076,4.052631,3.941176,4.866666,69,74,54,37
21,21,19,21,3.285714,4.833333,2.714285,3.333333,3.857142,5.2,3.571428,3.8,2.714285,5.2,4.2,4.2,5.4,3.5,4.105263,3.764705,4.6,74,59,64,42
16,13,14,16,4.428571,4.666666,3.428571,3.833333,5.571428,4.6,3.857142,4,3,3.6,4.8,5,4.6,4.076923,4.68421,3.470588,4.8,73,50,51,29
19,12,19,13,.,4.333333,4.285714,5.333333,4.571428,3.4,5.428571,4.4,3,5.2,3,6,6,.,4.578947,4.058823,5,68,50,67,31
21,21,21,21,4,5.166666,4.285714,5.833333,4,5.4,4.428571,.,2.285714,5.4,4.4,5.2,7,4.76923,4.526315,.,5.533333,76,55,76,42
19,15,21,21,5.428571,4.166666,5.142857,6.166666,4.285714,5,5.428571,4.8,3.571428,5.4,4,6,6.8,5.230769,4.894736,4.470588,5.6,80,74,66,34
21,21,18,21,3.571428,3.333333,4.571428,5.333333,4,5,3.285714,4.6,3.714285,4.8,3.4,4.6,6.8,4.192307,4,4.294117,4.933333,.,55,59,42
19,16,15,14,4.142857,4.333333,3.857142,6.166666,5.571428,3.2,3.714285,4.4,2.714285,5.2,3.2,5.2,6.2,4.576923,4.263157,3.941176,4.866666,72,50,78,35
19,16,16,16,3.714285,3.833333,2.571428,4.666666,3.571428,3,5,3.8,3.714285,4.2,4.4,4.4,3.8,3.653846,3.947368,3.882352,4.2,54,48,45,35
15,11,12,11,4,3.833333,4.857142,4,3.571428,4.4,4.571428,4.6,3.857142,4.8,3.4,3.2,5.2,4.192307,4.157894,4.352941,3.933333,55,68,47,26
17,17,13,15,3.428571,4.166666,3.285714,5.333333,4,3.6,4.428571,4.4,4,5.4,5,4.2,6,4,4.052631,4.529411,5.066666,68,60,63,34
15,15,19,18,4.857142,4.166666,4.142857,4.666666,5.142857,5,3.714285,5.6,4.142857,5.6,3.8,5,5.8,4.461538,4.578947,5,4.866666,69,58,70,30
20,20,21,21,5.714285,4,2.142857,4,4.285714,3.8,4.142857,2.4,2.714285,2.6,3.8,4,5.2,3.961538,4.105263,2.588235,4.333333,69,59,73,40
18,7,4,4,4.142857,.,2,4.333333,2.428571,4.6,4.285714,5.8,3.571428,4.8,2,3.2,.,.,3.68421,4.588235,.,77,64,72,25
14,11,15,.,4,.,3.714285,.,4.142857,4.8,3,3.8,3.714285,4.2,3.4,3.6,5.4,.,3.894736,3.882352,4.133333,62,61,73,25
21,21,10,5,3.857142,3.166666,2.428571,3.666666,5.571428,4.8,5,4.2,2.857142,4.4,3.6,3.6,4.8,3.26923,5.157894,3.705882,4,73,49,54,42
19,16,12,13,3.571428,3.833333,3.571428,2.666666,4.857142,4.6,3.571428,4.2,3.285714,3.8,3,2.8,4,3.423076,4.315789,3.705882,3.266666,66,55,58,35
15,15,12,12,2.571428,3.666666,5.142857,4.5,5.428571,4.8,3.571428,2.6,4.142857,2.2,3.4,4,5.2,3.961538,4.578947,3.117647,4.2,59,57,65,30
21,20,15,16,3.857142,3.833333,3.571428,4.333333,4,3.4,4.571428,4,3.714285,4.2,4.2,4.4,5.2,3.884615,4.052631,3.941176,4.6,70,55,69,41
19,18,17,16,4,4.833333,4,5,4.428571,4.4,4.142857,4.2,3.571428,4.8,3.6,5.8,6.2,4.423076,4.315789,4.117647,5.2,72,41,65,37
19,15,15,15,.,4.666666,4.714285,.,4.714285,5,4.285714,3.4,3.571428,5.6,3.8,5.2,5.4,.,4.631578,4.117647,4.8,72,48,.,34
18,17,21,21,4.714285,4.666666,3.857142,4.833333,3.857142,4,3.142857,2.8,3.571428,4,4.2,5,6.6,4.5,3.631578,3.470588,5.266666,69,58,74,35
21,19,4,7,2.857142,4.666666,4.142857,.,4,3,3.571428,4,4.142857,4.4,3.8,4.6,5,.,3.578947,4.17647,4.466666,58,44,62,40
19,20,14,17,4.428571,4,4,5.666666,3.857142,4.4,3.714285,4.2,4.714285,5.2,4.2,4.8,5,4.5,3.947368,4.705882,4.666666,74,51,75,39
21,20,18,19,4.285714,3.833333,4.714285,4,4.571428,5.4,3.142857,4.8,3,5,4.4,4.8,4.8,4.230769,4.263157,4.117647,4.666666,80,57,78,41
17,15,15,15,3.285714,4,4.571428,4,4,5,4.714285,3.6,3.428571,4.2,4.4,3.6,4.6,3.961538,4.526315,3.705882,4.2,67,54,69,32
19,19,18,18,2.857142,4.666666,3.714285,4.5,5.571428,5.4,3.428571,4.8,4.571428,4.2,3.4,3.8,3.6,3.884615,4.736842,4.529411,3.6,73,57,70,38
