0,.461845,1.949033,.340346,1
13,-.767064,.354377,.340346,1
0,1.455039,-.646735,.340346,1
10,.470696,-1.571799,.340346,1
12,-.944963,1.363045,.340346,1
0,.50087,.591512,-.617893,2
4,.482652,-.801229,-.617893,2
4,-.953188,.644355,-.617893,2
1,-1.174224,.527907,-.617893,2
4,-1.137723,.1514,-.617893,2
0,-.536072,.769177,-1.264422,3
0,1.325394,.627691,-1.264422,3
1,-1.855614,.944791,-1.264422,3
0,.257123,1.763582,-1.264422,3
1,-.399069,-1.154482,-1.264422,3
0,-.427322,-.256658,-.139161,4
17,2.370758,.707324,-.139161,4
13,1.079042,1.25922,-.139161,4
0,.710237,-.644468,-.139161,4
10,-.45045,-.085534,-.139161,4
2,.431449,-2.21509,-1.470665,5
0,-1.975323,1.106519,-1.470665,5
0,-.114452,-.985244,-1.470665,5
1,-.958235,-.229604,-1.470665,5
0,2.071931,.254282,-1.470665,5
0,.069238,.548944,1.594388,6
0,-.300009,1.19716,1.594388,6
8,.712502,-.981991,1.594388,6
6,-.285656,.357743,1.594388,6
9,-.01958,.015105,1.594388,6
5,.520971,-.604975,-1.09094,7
0,.054372,-.877263,-1.09094,7
0,.608712,.008232,-1.09094,7
7,-.211407,1.09451,-1.09094,7
0,2.070695,.417724,-1.09094,7
0,-.561677,-.100202,.047194,8
0,-.209506,1.240277,.047194,8
4,1.54145,-1.522187,.047194,8
0,.188821,.724941,.047194,8
0,-.35557,1.206227,.047194,8
0,.893579,.489339,-.71441,9
0,2.217334,2.159812,-.71441,9
0,-.908795,-.217275,-.71441,9
1,-.387472,-1.283303,-.71441,9
9,1.257592,-.74974,-.71441,9
0,-3.511615,.321653,-.787318,10
0,-.725037,-1.379845,-.787318,10
0,.282016,.659106,-.787318,10
0,-.75494,-.153517,-.787318,10
0,.445761,1.254947,-.787318,10
5,.013965,1.593965,-1.249445,11
0,1.028591,.96299,-1.249445,11
1,.999815,-2.389389,-1.249445,11
1,-1.617728,-.628825,-1.249445,11
0,-.480458,.416534,-1.249445,11
3,-1.028402,-.666756,.690146,12
9,.464306,-1.94678,.690146,12
25,-.841704,1.030791,.690146,12
9,.027145,-1.29898,.690146,12
0,.013493,.236437,.690146,12
5,-1.181811,.382211,-.100384,13
10,-.574966,.318503,-.100384,13
0,.111952,.040574,-.100384,13
2,.018965,-1.156144,-.100384,13
0,1.017909,.315754,-.100384,13
36,.669175,-.227799,1.791898,14
9,.486769,-.716238,1.791898,14
0,-1.998231,-2.516484,1.791898,14
0,1.270243,.666575,1.791898,14
2,-1.543497,-.030247,1.791898,14
0,.219944,-.56602,1.254082,15
0,.863981,-.664947,1.254082,15
0,-.255013,.845129,1.254082,15
0,-.167835,-.688957,1.254082,15
0,-1.920815,.597691,1.254082,15
0,1.783015,-.332343,.460399,16
11,-.14448,.392397,.460399,16
6,.38468,-.459975,.460399,16
0,.770997,-.386851,.460399,16
0,.089266,-1.588691,.460399,16
0,1.187583,-1.00385,-.001779,17
0,-2.492747,1.237605,-.001779,17
0,-.839568,-2.051528,-.001779,17
0,.827334,-1.184874,-.001779,17
47,-.257388,1.750773,-.001779,17
1,.351543,-.355776,-.594648,18
0,2.417306,-.475567,-.594648,18
5,-.401529,-.039966,-.594648,18
3,1.082933,1.089418,-.594648,18
3,-1.401683,-.924443,-.594648,18
0,-1.72062,-1.601589,-.758179,19
0,.943117,-.04308,-.758179,19
0,.085863,-1.466663,-.758179,19
9,-.41946,.687901,-.758179,19
11,.00118,.77563,-.758179,19
0,-.00999,.780475,1.392316,20
0,1.041138,-.350936,1.392316,20
0,-.341279,1.790468,1.392316,20
0,.732587,-.466815,1.392316,20
0,1.239245,.75794,1.392316,20
16,.189599,-.151486,1.068484,21
0,1.436216,.383936,1.068484,21
0,.504933,.652525,1.068484,21
0,.974681,.958687,1.068484,21
135,.458099,.640912,1.068484,21
3,1.866813,2.354633,-.758753,22
5,-.20866,-.201505,-.758753,22
4,-1.009291,-.245569,-.758753,22
0,-.639792,-.903428,-.758753,22
3,-.314785,-.3622,-.758753,22
0,-1.865946,-.443019,-.814073,23
1,2.214303,-2.510798,-.814073,23
0,-.445985,1.843227,-.814073,23
0,-.858263,-2.121783,-.814073,23
0,-.386098,1.288272,-.814073,23
0,-1.31112,-1.734975,-.083297,24
3,1.085124,-1.607097,-.083297,24
0,-.314916,1.115597,-.083297,24
0,1.576312,.486029,-.083297,24
0,-.703749,-.100992,-.083297,24
0,2.686556,.994073,-2.327943,25
0,-.260713,-.079253,-2.327943,25
2,.594017,.948877,-2.327943,25
4,1.206725,-.046303,-2.327943,25
2,1.764455,-.915962,-2.327943,25
0,-.310959,2.04448,.263281,26
0,-1.857995,-.964353,.263281,26
0,-1.119553,-.738446,.263281,26
2,.250246,-.532281,.263281,26
0,-1.956816,1.716429,.263281,26
0,-.197085,1.461393,.541809,27
0,.497984,-.036524,.541809,27
6,-1.37807,-1.012701,.541809,27
0,.114197,1.308508,.541809,27
2,-2.092496,-1.211235,.541809,27
1,-.670553,-.424478,.025231,28
0,-.004525,.483644,.025231,28
0,1.422103,.214277,.025231,28
0,-.417488,1.458141,.025231,28
3,-.689599,-.384604,.025231,28
4,.649115,-1.49023,.670012,29
0,.168188,-.824848,.670012,29
0,-1.865697,-1.693047,.670012,29
0,1.383343,.385748,.670012,29
0,-.652424,-1.295268,.670012,29
0,.519866,.515161,1.929545,30
0,-.158865,1.509275,1.929545,30
9,-.173429,.227607,1.929545,30
11,-.749763,1.513567,1.929545,30
1,.710731,-1.592637,1.929545,30
0,1.091068,-.173983,.938017,31
0,1.018358,-.362741,.938017,31
0,-.018748,-.429921,.938017,31
1,-.524326,-.208805,.938017,31
0,1.326499,1.05393,.938017,31
2,.848831,-1.143603,.546481,32
0,.854594,.829728,.546481,32
0,-.332886,-.826774,.546481,32
0,-.4751,-.363598,.546481,32
0,.62391,1.182181,.546481,32
0,-.535204,.161801,.944568,33
24,-.136459,.896811,.944568,33
0,.69851,-.229237,.944568,33
0,-.543011,1.908811,.944568,33
13,.167512,-.050801,.944568,33
4,-1.161116,.334256,-.270864,34
4,.189903,1.113279,-.270864,34
4,-.087568,-1.451646,-.270864,34
3,.406018,.094779,-.270864,34
0,-.647765,2.164616,-.270864,34
0,-.814053,-1.387232,-.683299,35
0,1.311285,1.161169,-.683299,35
0,1.802419,.050855,-.683299,35
2,-.115996,-.902508,-.683299,35
0,1.773524,.299918,-.683299,35
21,.82806,.050114,-.404515,36
2,-.60766,-1.076975,-.404515,36
3,-1.068621,.343847,-.404515,36
0,-.327603,.093004,-.404515,36
22,1.205467,-.294056,-.404515,36
0,.311746,-.402978,-.18425,37
12,-.605463,.782472,-.18425,37
0,-.108016,.062952,-.18425,37
0,-.07295,.442909,-.18425,37
21,1.194089,.758754,-.18425,37
4,-1.845359,.845944,.979679,38
5,.26656,-.200463,.979679,38
0,.084745,-.689659,.979679,38
0,.798376,-1.536701,.979679,38
3,-1.21475,-.703819,.979679,38
0,.11696,-.109612,.030403,39
6,-1.008371,.673109,.030403,39
2,-.201115,-.988385,.030403,39
8,.364522,-.499098,.030403,39
0,.571358,.512884,.030403,39
0,-1.032957,1.234234,.71816,40
20,.234475,.276668,.71816,40
15,-.115712,.383246,.71816,40
0,-1.111555,-.582096,.71816,40
12,-1.022079,.901825,.71816,40
0,.73875,2.137539,.509321,41
2,-1.128077,-.770386,.509321,41
4,-.108848,-1.028344,.509321,41
0,-1.072692,.438736,.509321,41
0,1.07907,.604669,.509321,41
12,.437211,-.362386,.509321,41
1,-.723253,-1.175483,.509321,41
2,-.85071,-.685289,.509321,41
7,.359966,-1.515535,.509321,41
0,-.273913,.723148,.509321,41
0,.129044,1.90283,-1.535144,42
6,-.871094,-.683777,-1.535144,42
0,-1.584158,-1.380242,-1.535144,42
0,1.469915,-.929689,-1.535144,42
1,-.904789,.03452,-1.535144,42
1,.52719,.186068,-1.535144,42
0,.734346,2.00021,-1.535144,42
0,-.725859,-.935291,-1.535144,42
0,-.002868,1.097199,-1.535144,42
2,-.606769,-1.114526,-1.535144,42
0,1.904954,.079715,-.352135,43
0,1.728784,1.402498,-.352135,43
5,-.797276,1.215284,-.352135,43
3,-.912442,.600332,-.352135,43
7,-.1893,.468265,-.352135,43
2,-.420888,-.791236,-.352135,43
2,-.677582,-.20856,-.352135,43
0,-.722113,-.951489,-.352135,43
0,.711134,-.743718,-.352135,43
3,-.139974,-1.20411,-.352135,43
0,-.503839,.758211,-2.447945,44
7,.726533,.877845,-2.447945,44
0,-.394268,.645465,-2.447945,44
0,.087394,.987473,-2.447945,44
4,-.770728,-.089997,-2.447945,44
5,.510288,-.267913,-2.447945,44
13,-1.86841,-.890585,-2.447945,44
0,.621315,-1.791201,-2.447945,44
0,-.493215,.391723,-2.447945,44
0,.553677,1.606364,-2.447945,44
9,.227733,-.260028,1.359481,45
0,1.602298,-.306918,1.359481,45
1,-1.058975,-.375673,1.359481,45
0,-1.809867,-.57804,1.359481,45
0,1.472041,-.372375,1.359481,45
6,-.149698,-.367084,1.359481,45
7,.463207,-.677447,1.359481,45
3,-.638646,.099217,1.359481,45
57,-.503092,1.40421,1.359481,45
0,-1.522013,.142044,1.359481,45
0,1.301748,-.692611,-.021098,46
0,.321514,1.540983,-.021098,46
0,-.564665,-.644837,-.021098,46
0,.809893,-.934992,-.021098,46
0,.718203,.675382,-.021098,46
4,.628516,-.764518,-.021098,46
0,-1.391421,1.194331,-.021098,46
3,-1.117367,1.089265,-.021098,46
0,.893955,1.667512,-.021098,46
0,.143134,.16053,-.021098,46
0,-.569561,1.65512,.195263,47
5,-1.051515,.776554,.195263,47
0,-.900803,2.0905,.195263,47
1,-1.06336,-1.063445,.195263,47
0,1.7577,-1.776899,.195263,47
0,-.583917,1.350739,.195263,47
9,.945245,-.744983,.195263,47
4,-.798143,-.057124,.195263,47
0,.383232,.001013,.195263,47
0,.346363,.089703,.195263,47
0,-1.332031,1.936616,-2.065642,48
5,-.009182,1.351122,-2.065642,48
0,-1.434661,1.612484,-2.065642,48
0,-.220246,1.115405,-2.065642,48
4,.426409,.960944,-2.065642,48
1,-.056733,.508337,-2.065642,48
6,-.618472,-.153609,-2.065642,48
3,.812701,-.569024,-2.065642,48
0,1.784595,-1.115855,-2.065642,48
0,.453363,.842876,-2.065642,48
0,.956447,-.403857,-1.069884,49
2,-.587467,.076749,-1.069884,49
0,.299574,.596278,-1.069884,49
5,2.375475,-1.218043,-1.069884,49
0,-1.2897,.195695,-1.069884,49
0,-.075675,-.276165,-1.069884,49
0,-2.61197,-.036074,-1.069884,49
1,.713566,-1.412901,-1.069884,49
0,-.621504,1.57623,-1.069884,49
0,-1.043016,.498223,-1.069884,49
0,-.396303,.061344,-.029096,50
3,1.336492,-.26872,-.029096,50
0,-.117147,-1.220559,-.029096,50
0,-.909233,.361315,-.029096,50
0,.422112,.51019,-.029096,50
0,-.717261,-1.353719,-.029096,50
0,.742771,.115744,-.029096,50
0,.206577,-.602208,-.029096,50
0,.477741,-.419173,-.029096,50
0,-.242854,.409689,-.029096,50
0,-.344814,2.230352,.99773,51
11,-.207749,.18256,.99773,51
0,-.826833,3.216929,.99773,51
0,-2.139142,.600619,.99773,51
0,-.283925,1.323972,.99773,51
0,.617767,.217216,.99773,51
0,-.630965,-1.188231,.99773,51
0,-1.776449,.51447,.99773,51
0,1.67566,.113401,.99773,51
0,.549404,1.78135,.99773,51
2,2.277548,-.798413,-1.541867,52
1,.901345,.895382,-1.541867,52
0,.926818,.862368,-1.541867,52
0,-1.170947,1.539303,-1.541867,52
2,-.86528,-.242705,-1.541867,52
1,-.033389,-.929009,-1.541867,52
0,.822553,-.987415,-1.541867,52
0,-.796815,-.037211,-1.541867,52
0,-1.750119,-.074797,-1.541867,52
0,.62199,.050968,-1.541867,52
3,.010704,-1.874587,.081146,53
4,-1.534489,-.089228,.081146,53
0,-1.215679,-.424093,.081146,53
7,-.766167,-1.210881,.081146,53
0,-1.287878,-.439399,.081146,53
0,.99215,-.524993,.081146,53
4,-1.962881,-.113239,.081146,53
3,-.976585,-.879481,.081146,53
5,-1.25561,-.797701,.081146,53
0,1.215651,-.637768,.081146,53
0,2.859322,-.093012,-.328853,54
3,.104954,-.862988,-.328853,54
0,-1.136219,.994398,-.328853,54
0,1.580503,.892933,-.328853,54
0,.418691,1.261336,-.328853,54
0,-.688938,-2.200792,-.328853,54
0,.555602,-.08502,-.328853,54
0,.130425,-.544419,-.328853,54
0,.443616,.928512,-.328853,54
0,-.53439,.500388,-.328853,54
0,-.665406,1.451647,-1.409615,55
0,.489041,-1.355503,-1.409615,55
0,-.405628,1.969002,-1.409615,55
13,-.099185,2.4407,-1.409615,55
0,-2.27775,.237419,-1.409615,55
0,.426854,-.073337,-1.409615,55
0,-.615438,-.829804,-1.409615,55
0,.99696,-1.236409,-1.409615,55
4,1.704869,-2.531402,-1.409615,55
0,1.841657,.036614,-1.409615,55
10,-.747175,1.063028,1.035624,56
0,-.459573,.420532,1.035624,56
9,-.710069,.886697,1.035624,56
0,-.965376,.01456,1.035624,56
1,-.916336,-.086165,1.035624,56
2,-.288247,-.418338,1.035624,56
0,1.04059,1.675437,1.035624,56
0,-.023596,1.738123,1.035624,56
0,1.192969,-.348118,1.035624,56
0,-.899803,1.635157,1.035624,56
1,-.131701,-1.253261,.6086,57
5,-.539808,-.3331,.6086,57
22,-.727587,.964669,.6086,57
1,-.803664,-1.062344,.6086,57
1,-1.301169,-.430215,.6086,57
0,1.314649,.045716,.6086,57
2,-.794063,-.359621,.6086,57
15,1.543823,-1.298336,.6086,57
0,.272746,1.206638,.6086,57
0,.91873,-.667055,.6086,57
0,.692817,-1.970578,2.435717,58
0,.834214,-.361872,2.435717,58
0,-.373752,-1.475925,2.435717,58
0,-1.073817,1.784783,2.435717,58
0,.822514,.334795,2.435717,58
0,1.618462,.750293,2.435717,58
0,1.58225,-.988832,2.435717,58
0,-.203041,1.09053,2.435717,58
4,-.281325,-.206912,2.435717,58
3,.107399,-.641754,2.435717,58
0,.40307,1.994521,.404804,59
0,.82675,.294619,.404804,59
0,1.464315,-.499179,.404804,59
16,-.03717,.012867,.404804,59
6,.299997,-.477588,.404804,59
0,.380827,.894839,.404804,59
13,.193028,-.451444,.404804,59
7,-.846997,.607624,.404804,59
1,-.223622,-.402995,.404804,59
16,1.337748,-1.136977,.404804,59
0,-.795711,.44377,.711712,60
0,1.815958,2.154122,.711712,60
2,-.287087,-.403108,.711712,60
1,-1.297186,.515716,.711712,60
7,.076934,-.297867,.711712,60
0,1.050694,-.407316,.711712,60
5,.173757,-.756849,.711712,60
27,.157349,.68358,.711712,60
0,-.467515,-.635305,.711712,60
0,1.446101,-.113065,.711712,60
20,.113543,-.533057,-.525083,61
0,-.14263,1.484781,-.525083,61
0,1.012859,-.283043,-.525083,61
0,.573588,.493412,-.525083,61
23,.138347,-.00787,-.525083,61
0,-.081097,-.205619,-.525083,61
16,-.768529,.285988,-.525083,61
0,-1.516696,.556594,-.525083,61
0,2.902446,-1.627059,-.525083,61
0,1.194652,.627076,-.525083,61
1,-.402041,-.0586,.040902,62
1,.908591,-2.185827,.040902,62
0,.299622,.164252,.040902,62
1,-1.094174,-1.279535,.040902,62
0,-2.431611,-2.854881,.040902,62
0,1.369376,.037049,.040902,62
4,-.347553,-.050525,.040902,62
3,.005719,-1.250382,.040902,62
2,.733635,-.992379,.040902,62
0,1.219258,1.281844,.040902,62
5,.057948,-2.329025,-.787575,63
5,1.061568,-.028562,-.787575,63
0,.885555,.116867,-.787575,63
4,.056242,-1.342011,-.787575,63
4,.338852,-1.244976,-.787575,63
0,-1.183451,1.398946,-.787575,63
8,-.676198,2.294118,-.787575,63
0,.808331,.777143,-.787575,63
5,-.323558,-1.933108,-.787575,63
22,2.055557,-.42733,-.787575,63
0,-.629666,.4433,-.139834,64
1,.050461,-1.731389,-.139834,64
0,-.888768,2.112776,-.139834,64
0,.087166,.367707,-.139834,64
0,-1.114352,-.479231,-.139834,64
2,-.331506,-.103767,-.139834,64
0,-.781376,.900126,-.139834,64
0,-.69276,2.845922,-.139834,64
0,-1.041086,-.687942,-.139834,64
0,-.196588,-.755435,-.139834,64
0,.34249,2.261018,.122883,65
0,-.549951,.372013,.122883,65
8,.189265,-.401095,.122883,65
7,-.106268,-.670603,.122883,65
0,-.734376,2.187434,.122883,65
0,-.280104,-.210813,.122883,65
0,.953153,-2.313179,.122883,65
0,.348426,.83616,.122883,65
3,-.242242,-1.893913,.122883,65
0,.888746,-.730218,.122883,65
1,.108863,-.790621,1.099172,66
0,.787013,-.202308,1.099172,66
0,.643885,.368661,1.099172,66
0,.802725,.692036,1.099172,66
1,-1.31526,.030558,1.099172,66
0,1.244816,.947128,1.099172,66
0,-.740922,1.396901,1.099172,66
0,-.961345,1.27125,1.099172,66
1,-1.356864,1.013415,1.099172,66
0,.253544,-2.048144,1.099172,66
0,-1.222695,-.283091,-.610465,67
16,-.586484,.018108,-.610465,67
5,2.222345,.76791,-.610465,67
12,-.906692,.26619,-.610465,67
0,-.568828,-.062742,-.610465,67
9,.539395,-.044031,-.610465,67
6,.096031,.471185,-.610465,67
0,1.060086,-1.278398,-.610465,67
16,-.101728,-1.888568,-.610465,67
0,.658334,.906558,-.610465,67
0,-1.104945,-.90041,-.183429,68
2,.284135,-.845515,-.183429,68
0,.730869,-.0781,-.183429,68
0,1.817939,.870316,-.183429,68
1,-.858366,-1.010428,-.183429,68
1,-.872557,-.099775,-.183429,68
0,.124715,1.501465,-.183429,68
1,-.415403,-.196544,-.183429,68
3,.170724,-1.089128,-.183429,68
11,.743838,-.063178,-.183429,68
19,-.237999,.605994,.680954,69
39,.642959,.69477,.680954,69
1,-.870146,.044256,.680954,69
0,.643824,.29851,.680954,69
0,.479014,-.230296,.680954,69
16,.90499,-.50437,.680954,69
4,-.724605,-.625188,.680954,69
13,-.816682,.735007,.680954,69
9,-.351398,.489855,.680954,69
0,1.106851,-.166896,.680954,69
0,1.572405,-1.804162,.61157,70
18,-1.331964,2.217198,.61157,70
0,-1.150319,1.7582,.61157,70
12,-.207168,-.142908,.61157,70
4,-.418426,-1.243319,.61157,70
0,1.029198,.091395,.61157,70
0,-.209059,-.43297,.61157,70
9,-.725907,.743285,.61157,70
0,-1.985634,-2.484889,.61157,70
5,.542135,-1.281353,.61157,70
0,1.696142,1.075233,-.392415,71
0,-1.099708,-.10893,-.392415,71
0,-.071143,.020877,-.392415,71
18,-2.042027,2.467315,-.392415,71
1,.163921,-1.497285,-.392415,71
0,.395138,.139486,-.392415,71
16,.536907,.04822,-.392415,71
0,1.044138,-.343899,-.392415,71
18,-.035025,.899075,-.392415,71
14,-.751847,1.405176,-.392415,71
0,1.35491,1.378774,-.473494,72
2,-.133353,-1.728622,-.473494,72
0,-.555214,.493963,-.473494,72
9,-.522209,.273654,-.473494,72
4,.119101,-.693751,-.473494,72
3,-1.286804,-1.31038,-.473494,72
0,.337312,-.022805,-.473494,72
0,1.533501,.709566,-.473494,72
1,-1.220383,-1.110603,-.473494,72
0,2.096168,.331126,-.473494,72
1,-.821771,-.470553,-.095351,73
0,.548133,.068907,-.095351,73
0,.860507,.476564,-.095351,73
21,-1.085399,1.750434,-.095351,73
73,1.040539,.750446,-.095351,73
0,-1.445976,-1.388912,-.095351,73
0,-.517753,-.719928,-.095351,73
0,-.059057,.49091,-.095351,73
0,.375446,-.711785,-.095351,73
0,.931757,-.06621,-.095351,73
10,.856835,-1.248611,1.090204,74
3,-1.441334,.710548,1.090204,74
13,-.834266,.690699,1.090204,74
0,.558567,.181242,1.090204,74
0,-.629114,-1.176883,1.090204,74
0,1.198987,.771724,1.090204,74
0,-.407458,1.447349,1.090204,74
0,2.028547,-1.802743,1.090204,74
0,.745782,-1.094013,1.090204,74
0,.244527,.919964,1.090204,74
0,.537274,.867339,.961727,75
0,.161339,-1.532556,.961727,75
18,1.022243,-.899984,.961727,75
0,.76682,.991901,.961727,75
6,-.749636,-.969178,.961727,75
8,.232658,-1.756564,.961727,75
0,.454692,.904827,.961727,75
37,1.307812,-.364056,.961727,75
3,-1.412689,-1.5425,.961727,75
21,.383825,-.597008,.961727,75
0,-.117102,1.090032,.885471,76
0,-.076322,.564553,.885471,76
0,.201289,-1.008036,.885471,76
12,-.880852,.278899,.885471,76
0,-.71534,-.722434,.885471,76
0,-.439942,1.566494,.885471,76
0,-.380347,-2.761836,.885471,76
0,1.471264,-.516382,.885471,76
49,1.343249,-.653756,.885471,76
6,.770012,-1.719013,.885471,76
2,1.565053,-.990749,.026168,77
0,-.80251,1.275468,.026168,77
0,-.132371,-1.765134,.026168,77
0,-1.180642,.20059,.026168,77
1,-1.640603,-.111802,.026168,77
7,.807799,.358943,.026168,77
0,-.013225,-.052598,.026168,77
0,-.946296,-.706194,.026168,77
0,1.240167,1.83911,.026168,77
0,.187486,-.617056,.026168,77
17,-.134936,.608369,.846246,78
0,.697076,.291077,.846246,78
8,-.390582,-.571461,.846246,78
13,.282388,-.471149,.846246,78
0,.688246,-1.281236,.846246,78
0,-1.680096,-.475161,.846246,78
0,.532136,.916448,.846246,78
0,-.15796,.125825,.846246,78
3,-2.429996,-.103156,.846246,78
0,1.411684,-.58277,.846246,78
6,-2.140352,1.558735,.58057,79
0,-.181568,.319397,.58057,79
0,.296111,2.222457,.58057,79
30,1.040717,.080783,.58057,79
0,.556038,-2.042725,.58057,79
7,-.962477,-.211226,.58057,79
0,.11643,.377632,.58057,79
7,-.371531,-.830755,.58057,79
5,-.834138,-.749019,.58057,79
31,1.606064,-.01081,.58057,79
0,-1.310983,-1.047009,-.464439,80
0,.253693,-.539303,-.464439,80
0,-.636006,1.216929,-.464439,80
0,.118117,2.137623,-.464439,80
10,1.25958,-.722551,-.464439,80
4,-.340779,-.419707,-.464439,80
1,-.521968,.366288,-.464439,80
26,1.2303,.0132,-.464439,80
0,-1.331295,2.379094,-.464439,80
0,.079376,.646399,-.464439,80
1,.426525,-1.330127,-.341948,81
0,1.748673,.201446,-.341948,81
10,.869914,-.455335,-.341948,81
0,.559625,1.65169,-.341948,81
0,1.862094,1.115255,-.341948,81
0,-.702008,1.019145,-.341948,81
0,1.80441,-.02205,-.341948,81
0,-1.655454,-1.296461,-.341948,81
0,.117408,.593829,-.341948,81
0,-1.13342,-2.528755,-.341948,81
9,-.96025,.091732,-.489535,82
5,-.291762,-.124305,-.489535,82
0,-2.078235,.243518,-.489535,82
4,.069145,-.405217,-.489535,82
0,.91931,.40217,-.489535,82
0,.693658,.198035,-.489535,82
0,.894531,-.424791,-.489535,82
7,.097514,-.722138,-.489535,82
2,-.255248,-.350097,-.489535,82
3,-.676769,-1.364538,-.489535,82
0,.84417,1.919425,1.622515,83
0,.20413,.798861,1.622515,83
0,-.726681,.655367,1.622515,83
0,-1.992988,.345745,1.622515,83
3,.295151,-1.935679,1.622515,83
0,-.088679,-1.613918,1.622515,83
0,.040281,.523634,1.622515,83
0,1.830769,-.761883,1.622515,83
19,-.227739,.56055,1.622515,83
0,1.333772,.635764,1.622515,83
1,.56195,.295526,.415824,84
4,-.502942,-.330762,.415824,84
1,.334468,-1.060781,.415824,84
2,-.825062,-1.431129,.415824,84
0,1.896397,1.247522,.415824,84
0,-1.238431,.792431,.415824,84
1,-.373969,-.036221,.415824,84
0,1.391147,-.275998,.415824,84
0,.695463,-.120064,.415824,84
0,.983346,.85598,.415824,84
13,-.187593,.129997,.868409,85
13,.046526,-.170977,.868409,85
0,.190878,-1.776188,.868409,85
0,-1.228642,.905048,.868409,85
0,.549189,.642697,.868409,85
0,-.91085,2.287792,.868409,85
2,-1.188572,-.405858,.868409,85
0,.660873,.429048,.868409,85
0,-.107369,-.316619,.868409,85
2,-.786058,-.49678,.868409,85
17,.726503,.150661,.753194,86
0,-.338541,-.375354,.753194,86
0,-1.262809,-.635383,.753194,86
0,1.188494,1.373102,.753194,86
0,-.977245,.863074,.753194,86
0,-.953218,-2.980184,.753194,86
0,1.342419,-.252382,.753194,86
0,.358005,.199378,.753194,86
1,-1.516616,-.859253,.753194,86
0,1.166534,.673898,.753194,86
0,1.533399,.147959,.687086,87
0,1.305966,-.168003,.687086,87
61,-.392324,1.063774,.687086,87
19,.171776,-.709729,.687086,87
110,.9108,.223578,.687086,87
92,1.656858,-.653624,.687086,87
0,.066172,.919758,.687086,87
0,.121349,1.445834,.687086,87
0,1.780264,2.103619,.687086,87
2,-1.950573,-.211118,.687086,87
32,.517418,.50706,.311057,88
0,-.488723,.643866,.311057,88
5,-1.406468,1.27948,.311057,88
0,-.179152,-.235725,.311057,88
0,-.770578,-.914353,.311057,88
0,.30138,1.187676,.311057,88
3,-2.043761,1.134267,.311057,88
0,.245581,-.894409,.311057,88
0,.649242,-.104752,.311057,88
0,-.113615,.239056,.311057,88
0,-.320754,.758648,-.39008,89
0,-1.11145,.522374,-.39008,89
0,-.434433,.179011,-.39008,89
0,.398531,.488226,-.39008,89
0,.592341,-.273801,-.39008,89
0,-.345482,-1.422757,-.39008,89
0,1.16605,-.924249,-.39008,89
0,-1.492205,-.383373,-.39008,89
0,-2.352271,-.332016,-.39008,89
1,-2.569399,-.44022,-.39008,89
0,1.546573,.059965,-1.214273,90
0,-.375092,-.349953,-1.214273,90
0,-.68834,.19113,-1.214273,90
0,1.815308,-.153076,-1.214273,90
1,-1.063308,-1.730372,-1.214273,90
0,1.474495,1.920348,-1.214273,90
23,1.571396,-.853504,-1.214273,90
12,-.384466,-.212544,-1.214273,90
12,-1.110718,1.070017,-1.214273,90
0,.210646,-.630668,-1.214273,90
0,.827125,.252626,.328945,91
0,-.687758,1.349876,.328945,91
0,-.578273,-1.373244,.328945,91
0,1.956921,.622832,.328945,91
0,.638484,1.543089,.328945,91
2,-.383803,.009725,.328945,91
0,1.129402,1.978451,.328945,91
3,-.065728,-.248546,.328945,91
0,1.326914,-2.148317,.328945,91
0,1.751041,.339298,.328945,91
0,-1.239543,-1.274945,.328945,91
0,.882862,-.560806,.328945,91
0,.331422,1.479339,.328945,91
0,-2.219352,1.469704,.328945,91
0,-1.080272,1.567515,.328945,91
1,-1.19779,.218627,.753577,92
0,.641003,1.239118,.753577,92
0,.183049,-.786205,.753577,92
0,.990687,.353,.753577,92
0,-.052229,2.488997,.753577,92
0,-.009417,.453644,.753577,92
0,1.546871,.335528,.753577,92
0,-.686836,.1864,.753577,92
1,-1.420066,-.404396,.753577,92
2,-1.035146,.70617,.753577,92
0,2.245023,-1.079788,.753577,92
0,-.022782,1.423681,.753577,92
0,-1.323615,.775329,.753577,92
0,.264376,.807045,.753577,92
4,-.59997,-.338456,.753577,92
0,2.062184,.228151,1.121974,93
11,.651409,-.585408,1.121974,93
3,-.996555,-.517543,1.121974,93
0,.085035,-.224069,1.121974,93
0,-.23757,.280463,1.121974,93
2,-1.975992,.485104,1.121974,93
0,-.082712,.681783,1.121974,93
0,.610027,.463305,1.121974,93
11,1.687681,-1.552199,1.121974,93
0,-1.075809,1.553956,1.121974,93
0,.110746,.124171,1.121974,93
0,1.416351,-.797048,1.121974,93
0,-2.318374,-.797021,1.121974,93
1,-.729204,-.75842,1.121974,93
0,-.7079,1.258478,1.121974,93
8,.324645,.222354,.402116,94
3,-1.510354,.180066,.402116,94
0,-1.695607,-.961455,.402116,94
0,-.222793,-.677584,.402116,94
7,-.966826,-.355855,.402116,94
7,.641473,.950006,.402116,94
8,-.087448,.916587,.402116,94
6,.205311,-1.970395,.402116,94
3,-.97004,-1.090695,.402116,94
7,2.122562,-.434903,.402116,94
5,1.965351,.561316,.402116,94
0,.478521,.955515,.402116,94
0,-.479467,.959344,.402116,94
5,.538464,-.8059,.402116,94
10,.309838,-1.227953,.402116,94
39,1.190745,-.445921,1.171853,95
6,-.530882,.280439,1.171853,95
0,-1.700214,-.345936,1.171853,95
0,.100029,-1.715924,1.171853,95
0,-1.47144,-.004164,1.171853,95
3,-.397952,-.129288,1.171853,95
0,-1.507996,-1.908863,1.171853,95
0,-.328328,-1.42127,1.171853,95
0,1.822746,1.533982,1.171853,95
0,-1.736966,1.065933,1.171853,95
0,-1.035356,-.05758,1.171853,95
0,-1.054129,-.910297,1.171853,95
0,1.108072,-.891525,1.171853,95
3,1.011709,-.952416,1.171853,95
1,-.484225,-.365365,1.171853,95
0,.48333,-.753306,.063022,96
0,1.181266,.436589,.063022,96
0,-1.629459,-.236216,.063022,96
0,2.045478,.419834,.063022,96
10,-1.044988,.069796,.063022,96
0,-.111373,2.331758,.063022,96
0,1.74589,-1.412064,.063022,96
71,.907369,.116586,.063022,96
0,.330885,-.974837,.063022,96
2,-.797386,-1.123546,.063022,96
0,-.379828,.093314,.063022,96
0,-.909634,1.306298,.063022,96
13,.827295,-1.422551,.063022,96
6,-.708361,-.72967,.063022,96
0,.407533,1.345695,.063022,96
3,.553394,-.998514,-1.442677,97
4,-.352522,1.364567,-1.442677,97
0,-.830932,.451315,-1.442677,97
5,-.964862,1.15155,-1.442677,97
11,-1.698114,.593397,-1.442677,97
0,.113578,.193215,-1.442677,97
6,.880247,.266111,-1.442677,97
0,.482432,.077312,-1.442677,97
0,-.877144,.682255,-1.442677,97
7,.067641,-.623427,-1.442677,97
0,-.677649,1.623853,-1.442677,97
3,-.549094,.913448,-1.442677,97
0,-.848494,-1.293935,-1.442677,97
6,.321688,.850796,-1.442677,97
5,.564297,-.774691,-1.442677,97
0,.045453,.061439,-.283444,98
10,-.622252,1.232267,-.283444,98
8,.559109,.383103,-.283444,98
0,2.052005,-1.263729,-.283444,98
0,.886892,-.856157,-.283444,98
0,-.804398,-.376547,-.283444,98
0,.179504,-.646833,-.283444,98
2,.609134,-.103936,-.283444,98
0,-.828709,.660129,-.283444,98
0,.501369,1.619178,-.283444,98
4,-1.041565,.35732,-.283444,98
0,.808747,1.515165,-.283444,98
0,-.467114,.964535,-.283444,98
0,-.017757,-1.615145,-.283444,98
4,-1.090476,1.184118,-.283444,98
0,.412721,.00803,-1.085249,99
0,1.090871,.754459,-1.085249,99
0,1.07317,1.101628,-1.085249,99
0,-.382158,.485806,-1.085249,99
0,-.143386,1.296383,-1.085249,99
0,-.271429,-.812918,-1.085249,99
1,-1.180639,-1.30305,-1.085249,99
2,-.217117,-1.128273,-1.085249,99
0,.033819,-.733588,-1.085249,99
0,-.206476,1.491483,-1.085249,99
0,.585539,-2.106674,-1.085249,99
4,-.346501,-.587432,-1.085249,99
0,1.283307,1.734526,-1.085249,99
9,.045775,1.392461,-1.085249,99
0,-1.835319,-.617653,-1.085249,99
0,1.368391,-.837528,1.117902,100
0,1.266146,-.173009,1.117902,100
0,-.89228,-.61546,1.117902,100
225,1.562778,.192413,1.117902,100
0,.49374,-1.611646,1.117902,100
0,1.284145,.13496,1.117902,100
18,1.022278,-.51606,1.117902,100
0,-.886729,1.771469,1.117902,100
0,-.142666,-2.528582,1.117902,100
0,.313899,.154139,1.117902,100
4,-.835913,.300087,1.117902,100
0,1.670259,.938498,1.117902,100
18,-1.798784,2.133922,1.117902,100
0,-.708686,.802302,1.117902,100
3,-.878411,.182859,1.117902,100
1,-1.539671,.469953,1.583867,101
0,1.324313,1.295685,1.583867,101
0,-.567724,-.538939,1.583867,101
0,-.662698,-.304754,1.583867,101
68,.550759,.178647,1.583867,101
0,.546181,1.183761,1.583867,101
0,-1.398276,.944316,1.583867,101
0,-.116907,-1.125628,1.583867,101
0,.258619,2.364752,1.583867,101
222,.009002,1.116172,1.583867,101
0,-.65984,1.073189,1.583867,101
0,1.113025,.517253,1.583867,101
0,.324222,-1.135333,1.583867,101
0,-.624894,.244972,1.583867,101
0,1.834695,.517931,1.583867,101
7,.457666,-1.095762,-.178843,102
0,-.554771,-.213738,-.178843,102
0,1.269,.021272,-.178843,102
9,.620426,-1.043231,-.178843,102
0,2.059312,-2.059005,-.178843,102
30,.301097,.23902,-.178843,102
5,-.319332,-.445057,-.178843,102
0,.924446,.043433,-.178843,102
13,.39867,-.588889,-.178843,102
7,-.736599,-.552275,-.178843,102
0,-1.302971,1.201546,-.178843,102
0,.814529,-1.209258,-.178843,102
0,-.511996,-.234229,-.178843,102
32,.57442,.208701,-.178843,102
18,-.17901,.232694,-.178843,102
0,-1.288405,-1.287299,.018643,103
1,-1.418999,-1.111227,.018643,103
1,-1.057286,.317336,.018643,103
19,.475519,.217263,.018643,103
0,-1.169488,.529054,.018643,103
2,-.33072,-.684044,.018643,103
0,1.0826,.220085,.018643,103
0,.987568,-.70707,.018643,103
0,.722682,.350571,.018643,103
0,-1.286158,-.624483,.018643,103
0,1.292364,-.129371,.018643,103
0,1.805824,-.470141,.018643,103
0,-.979158,-1.399411,.018643,103
0,.100369,.703149,.018643,103
0,-.317515,1.419171,.018643,103
0,.218857,2.736906,2.810986,104
8,.164956,-.122508,2.810986,104
0,1.068469,.598593,2.810986,104
1,.20222,-1.189608,2.810986,104
5,1.031968,-1.425888,2.810986,104
0,1.633858,2.200327,2.810986,104
0,-2.727256,1.470028,2.810986,104
0,1.224082,.242874,2.810986,104
16,-.59737,.635509,2.810986,104
0,.259751,2.692036,2.810986,104
0,.445084,-.059302,2.810986,104
0,2.976833,.37755,2.810986,104
0,-.909781,-.934322,2.810986,104
5,-1.186605,1.149789,2.810986,104
0,-1.378973,-.847827,2.810986,104
3,-.941574,-.625222,.818111,105
2,-.436019,-1.396073,.818111,105
23,1.765168,-.218216,.818111,105
0,-.739821,.396267,.818111,105
0,.932578,3.315273,.818111,105
0,-.851027,-1.11053,.818111,105
0,-.346771,-1.073771,.818111,105
0,-1.624893,.008846,.818111,105
5,-.282106,.607237,.818111,105
8,-1.504407,-.068726,.818111,105
0,.687144,.516934,.818111,105
0,.601391,.710988,.818111,105
0,-.363344,1.382007,.818111,105
27,.140951,2.04092,.818111,105
7,.452402,-1.235187,.818111,105
0,.6939,1.623827,-.132719,106
24,-.365342,.937498,-.132719,106
4,-.514001,-.816186,-.132719,106
44,-1.208926,2.14313,-.132719,106
0,.484144,.486647,-.132719,106
2,-2.186997,.507557,-.132719,106
13,.292812,.099518,-.132719,106
0,-.295086,.014668,-.132719,106
2,.250937,-1.591819,-.132719,106
2,-1.129654,.055316,-.132719,106
9,-.778563,.631821,-.132719,106
0,1.41394,-.202641,-.132719,106
2,-1.593412,-.873798,-.132719,106
0,-.768587,.700586,-.132719,106
0,-1.405622,-1.091737,-.132719,106
7,.568482,-.088538,-.328103,107
2,-.507515,-.583774,-.328103,107
8,-.114563,-.512661,-.328103,107
3,-1.765797,-1.047955,-.328103,107
4,-.402331,.144624,-.328103,107
5,-.555406,.367215,-.328103,107
9,1.041089,-.796073,-.328103,107
2,.577597,-1.382054,-.328103,107
4,.01213,-1.966057,-.328103,107
0,1.283811,-.984346,-.328103,107
0,-.064783,.497175,-.328103,107
2,-1.067171,-.814235,-.328103,107
27,.984307,.682331,-.328103,107
7,.328349,-.413377,-.328103,107
0,-.310281,1.068719,-.328103,107
19,1.117086,-.705446,1.166601,108
23,.465829,-.4242,1.166601,108
0,1.556348,1.192043,1.166601,108
0,-.022213,-1.664399,1.166601,108
8,-1.313762,-.074812,1.166601,108
11,.045897,-.524227,1.166601,108
10,.107956,-.316273,1.166601,108
9,.970994,-1.32363,1.166601,108
0,1.465308,.611729,1.166601,108
0,1.554232,-.103551,1.166601,108
9,-.503446,-.481476,1.166601,108
0,.638873,1.943848,1.166601,108
0,.846918,-.288102,1.166601,108
0,.240809,1.132291,1.166601,108
0,.788927,.781397,1.166601,108
2,.660369,-1.048314,.02055,109
0,-.293065,.334011,.02055,109
0,.042016,-1.286626,.02055,109
0,-.457839,-1.13511,.02055,109
0,.553164,-1.536389,.02055,109
0,-.292927,.400627,.02055,109
3,-.815092,.099899,.02055,109
0,.092769,-.599085,.02055,109
0,1.795686,-.197366,.02055,109
0,-.56144,-1.647588,.02055,109
0,-.103779,.887802,.02055,109
0,.159832,1.26465,.02055,109
21,.42157,.164613,.02055,109
2,.797606,-1.993249,.02055,109
0,.087519,-.781197,.02055,109
0,1.524764,1.266406,-.57493,110
2,.396221,-.883692,-.57493,110
0,.127239,-.698083,-.57493,110
0,.245706,-1.826614,-.57493,110
0,-1.15543,.9466,-.57493,110
3,.212201,-.923923,-.57493,110
0,.232482,.120996,-.57493,110
4,-.150282,.212226,-.57493,110
0,.415515,-.561244,-.57493,110
2,.694318,-.410677,-.57493,110
4,.818848,-1.827448,-.57493,110
0,-.63037,.381071,-.57493,110
0,1.281797,-.565366,-.57493,110
0,-.594908,.569452,-.57493,110
0,-.27185,-1.848551,-.57493,110
